Time,Rank,Name,URL,Headline,Logo,Preview,Text
2023-07-04_22-16,1,Grußtelefon,https://grusstelefon.de/,Start - Grußtelefon - Audio Gästebuch - Das Original,data:image/png;base64,iVBORw0KGgoAAAANSUhEUgAAACAAAAAgCAYAAABzenr0AAAB6ElEQVR4AWJABqPgjJAlw1lhSxAtBqi+HmDsCIAwjk9t20Z0Qa2odsMqbKO6DWoEte02qm1Hte3Gbc+25/7J7bP93iS/2Wj3m8edxRgswnIswAR0RFU4PRdV0R7jMB/LsQjj0Ppts0FVODoPNjTEXLxHARQmRfiDbegCsdMRG/ALRXbnFuITFqEx5GXDISRT75uYL9AWp1EM9eA9hkEMA/DKi/NKcBEdwbs90PzqG+EM1AffEYfe+AT1wRU0hXmAhSiB+ug6LkJ9VIZlb5pUDtABH6F+KPVrcOA7ugltGgqgYVaEWULbCI2Q3ULbB42Q40JbjXJoBGwU2mhkRSA8F1OE1hgPoWH2BC2EJhiD1DCGZ2AybG4iy1AchvBSrEM12NyM6uMkNMROoxHEXG+aDzQN0Q6PQvy5dwJZg+1vyeYh4vAFGmS/0BcC1wuJYQT+BTE8EeMh8GYrGigcZyIjCOHZmA2B96sZqmEJ8qF+KsQKVIfv+yFqYaOft9xS7EAd+L+koj4OocyH8HKcRCMEvimjKU5DvXQJLRG8dR2tcdWL8Dtob146g1EfWvQ3DdEet6EuPDCv7AhqvTMuik647SK8K4RlM3RPTob2uIRyww10BuGDJZRFgHmIFliJNWgFQXifI80Qs1UBNR42ObocbQ4AAAAASUVORK5CYII=,data:image/png;base64,iVBORw0KGgoAAAANSUhEUgAAAFwAAABcCAMAAADUMSJqAAAA0lBMVEX///8AAADS4+PY6enV5uba7Ozd7+/N3t7F1dXFxcXZ2dkFBQW0tLSenp6srKyBgYHMzMy9zMwTExOHkpJdXV2/v7/T09OVlZV4eHhERESKioqUoKCxv78zMzPi4uKmpqZgaGhNTU2ptrY7Ozvw8PAbGxtlZWVsdXWAioqdqqokJCR4gYFPVVVESkpubm4sLCyMACVKW1oxRkUoODdCAACYACC3ACyMABkyAAB8AB7bADqkACxmABhrABSZACkfAAg1AA5aAA0SAAUrAAsAFxVkVVfAOfeqAAAItUlEQVRoge1Ya5fayBGl1N2S0AMhJJAQEgK9APGQvU6yie04j03+/1/aqlYLj/dkNIztc/Jl6mCfYQauqm/fulXdk8lbvMVbvMX/MbbzWeTFsRc58+1PBV5FJXwTa9f6OciWZwNku6DwTQPD9Itg1wG0yY8vYLkGuG5MLhjnmsZ9rnEmdG5ucC37+Q9BT0uoj6bOhGCaCs6MojAF082jDeX3w1c3gI3GOPOPh8BQ8CIg0s9M40I7Atyq78N2AI4MIZmEg1SiqzdwEPSGnwGW34N9g9KXCIWSiImka8ZCvTM0eiv8DuJXQ1clnHUuc73AAhFtXAam6hMwygdO3JBbIA6wfyU1VQ0n3ZQksxqhWvwXCpLLIPUTVzvMNtC9Cr0aKKYvo+hqW9HMzXaghUvlmBoTBdSvQK8W4KNI+tyGLYSU3rNT/wY5wmVcSDhcpJA9jp5BKlgRnDSmGchsX/uHfiniRKsICNvsn7PDz8L+Uewb8o0qIGJRzgbn57JebwaONZ6m+FTN5DvodzflYgPeY9gOnIW2uFPBSc+GIRjWqS4E+UC/Bo701wSOFSV2MH0Eu4K1fuf5Ii0F4Zl5Or//5cMv7w9BapAZ4MtWm0uEiQ4eoT0En4udAq8R2tCEEaB//enPf8H49a/4yA0mz4xr20t+QwWQPlJMUwiEhpXRRydzxCKHD3/7+PHTu3efPn78/AE6CJCcoq+nVq5NnOFlF+uAhDCUPK5YFMi/l4d///LpHwD//PLlX7s8RodPBd/QRzKz32r+smKWpBBZ8xQLg2NGEDprgv2Mv/n35y+/oZM7e5SjYMYpKFQ5UD28lHrZqjyIiovJiP0oUevYx/dGlyRUsmiad4XiBofj2CtZHrSJTDMNRrYEM0x7TYDudLm8ozculk9gqgbCMH9c43jni8HQngRJcpYNskSDX+EeWyD1vc4hmQTSEorddZcyrNhkFBwuOrqoLsiReg+M1kOu+R5qzDzb9uAQessJ1a3eSysQetmOYU/RSVlxgfYsFyAyaDwl+Azm+CRsfOvp8LR6XpVC42hlC3ql2AHHJo4EDLHpBW70DjiTZYIUO2BB5CJwk995t+aoLaGEBTvdBHcEvL0yZXWwQ8fKQE5D0mesmWW50C2SJFrbTv+ZbQQZ58PAdNV4NiL1Cg66TLzFdDWWIs/ya/F8FUG0RZLcxHK3W8eCnLaiCtHa9It6/kGgbp8Ht+AkjpJABDdRhiEJe11VzmwSITHgRVurWseWNZdbUYUlpnOSLtBh70JxPS/GJX7gNBDK9BpcfNB+MqO1lLMGtxCnpNV6e2lyaffbOgJbV0aEPo2u8XyRujQ+1P0WHoWBZYOLmET9himRhFUeu9Oc9NgtiTaT9NWFqex74DwL7tE04kvsHZkofddZSehVtbXm0zxf3ZAdLKMt8hDO6OkF51QZJHhtTC43oJZuBLtDwUi/uGqo1j04ctOuw7DdlyGCS7HHHoFvnriLMVKjzUJopG80JJ/mkbWHbR1UQe7jmFQR7xssJ7JJKt7IVmakYqSVEviQg8YleGP1fogdcrqFbdgk7QrmzfJSdXD9D0SLfhBg0nj5GPgNnmTR0xITeLjdRt4cUN/xJIwdmC5by7n++vGdpAWbnL8JaKoxxmjxlCcy8mnqRi7cCJxUuHJhMp04y3A6w5/nE+f230+/ETi60VkVKPpi9Cy4lKLGzOCMRk0zT957IEaGy5p0C4iqeWVtV9P9ahmClJOPfmWTfC9sVIpLmlPUyIxNDDq3g60sFyyOdS2fg74LU6f/JXTYj/BzMnA4EmNFtEKTk0MalX+KThHeIJbF40wt6IYmt5gPVdyssQHQ4JvV+JWNGCv/CocnSWCJ4KFewAI5dVdeXi2hp6ds4jwpZxcnd1038m6X+lKkw6NO+phxkeWKq/poybUWomwB+5mLCS7rxNnOnTzet9ic+2mva2Hh+4biCEyWrUfAqVkMw9aVYRnBTIJ4iRfdor36i9MMPwAdP7hKPRDjzWIKhRhsEYuDtfYFG3Fl5e1sAMSwVMv2QpDaZSnWa72hIWn0YI29SrWtK9aTcQ5RWrL9W+1X8EpJJZIVJA9G3EDn0q/1GDaKGUsh6KA9kgWE1WTehH2XA9uWeluALa1MpnBhd7eQh4Hx0WIuqxmPLHK6N7zNFWyHDkVy6LJtW/XrOpli3h1a6Nc5hx1fGIomWffEQenEj+JxG6WOFvqZGW5JjpZYm0/8EOf4xUuTqPPkDGimJs7+BwJ1k6+XInXmernXQWk8yUMeGV88XNR1b7vcIE1mPpODjOPO8jIOm7JJcsdtaHw88K/YUjNQvoSN/hJIdKb0hi3SRGrW3jKbzRxvmnuOh3NXl4qn/D04/E/2vTVuFL04/nPd3xHpXhwm4Y3q8Vr00E/s34fby9iTLVx1jY5nvS5KlBjurJEew17q2W5j4vmL8k03wz2MgQt96Jyby1PR4AKZOgzgSVHXcX/xP3zJxHEG2qlzhXF49GokhEL6iowdk5r0fcbU3okUx/FCJ/SLV/Y3I0Eblw/eebV09Cdu0aRRjdg/iPKNGGpF7QUqKpt2Bp0p8JhYtY+d/ytqXiYVeOcz4362CyQ/g31TPbA03HY+fy/LfvXgrc6W0Jlf4FlEMzVhy8Glt8D7ZkhfEWe32rc93VXzGDiho9o4k4Z0v8ApaGa7N5P+zqu8u2w+ZubfMtPBUVdC+eZ26EnmZFqcDxJcPnwrgtHA1VROMIBTdX3DuSb8Ei7y485rsCc0lgdCaOquyFaq1PoRSKqFkXKWUfR6bCR+D/aJLld69e2Ga8s0LC+Fjn/Y0LiOa4xXyQuH5/8Vyxa6wNC5ME8nfzASk9Otjm4ENXS9yU695wetsaA2FBYGw3NvNTggFr9xwioov+sy9JuY38gGz6fUNzBlzfDTzYG6aLz6YWgZ00T1fttWjT/5sdvtP0S1WrrerWlunru0vvPm+S3e4i3e4qfE71ZHpUB1n8JzAAAAAElFTkSuQmCC,Mit dem Audio-Gästebuch können Gäste personalisierte Sprachnachrichten hinterlassen. Eine tolle Momentaufnahme für die Ewigkeit! Die Audioaufnahmen von unserem ...
2023-07-04_22-16,2,audiogästebuch.de,https://xn--audiogstebuch-gfb.de/,Audiogästebuch - Personalisierte Geschenkidee - Für ...,data:image/png;base64,iVBORw0KGgoAAAANSUhEUgAAACAAAAAgCAYAAABzenr0AAAGAklEQVR4Ab2WA3SjWRiG2449RdqeqR3bSYM2tW3bHdu2bdu2bc/Besd2sZO73/1PMyftpm2y+s954uR9P96YmXhZBFpaugxxcSme4uGxd6G39+/LfHzql/j4PJ/o7n6oj5NTgqBbt45m/8Xl17OnzSBn5woQu7WTTq8/xGSiwyzWd/DzrTTauxGursM4Xbt2+teErdu1s0izsxPP9vQ8uItOr8NiLbGdTv8IJsqs2rZt84/FIZL2vR0dk1eQyT8f1Iu4NZaTybek3buT/pG4vEePDkNdXCo3Ualv9NONjWxjMNHuZgztYTDQWC/v4ywPb08mR2hHwBXZ+VCZdja29u2MEud369ZhtKtrFaTzvX6NN8OPD+YKvhXEpKDKoAi0mtm4B7bA80FKf5SWXvA4Pb/yrj4p2aW31YERGa2K27Vr1wbSXgQN9V4/6rl0BkoQK1BAaFxdbml/bV5pf1QREoW2wXu7wNgcngCVRcajvJK+qKBikEFiknMWt6ZvXubgoFlHoTzVF5/KZKMQRSDyC4lDgRGJhAH8g3nFfVBJcCQqDY1GOTllKL98YLPimLiU3JYNKHv2dJnj5XVJV3MsPoVKqw9RBRPi/qHxjQyYCjbQYuqHu7iM28tgfNNFv4FKfab0JG9WBUVj8RYN4OhzS/shXBp4bLqBeBKJsYpM/kUnvh+iH+vmNpNM5xY1ZwALZRVWo8i4NKTWhCCpXInkCj8UCL2RkJ6PzRhtwByiH7EPmkkv+rdJtrYSCoOXb8gAFk9Iy0cSmQKx4PNSiQRx2GwkFAiQkM9HbA4H+QeGocyCqtYNUDp3tpzr5XVRf55XksmPgywtKc0ZSMwoQEKRBAmwGHxeJpUSBkRgQCQUIjY85vN4SOkXiHKK+7ZsANJPX0+hPNc3gHthqofHOq4PfXRTAxCVVuarQjwuFynkckIMp98PIlb5ByO+QEQYk4MpJuyGsKhEXK7mDaTa2mo202hfm241KIl2KJn6VuMf3shAdEKGlgMpxgYYUDYsnA0jiUUwKdklSCyV49LgLMBjX/x+8wZSbG0DDBnAbIAFFK4IbGRAExypxbVWQvRCkZSoc9OJAJOID1lQKxSIw+GipMyi5g1kwmm3WW/z6S+hoVR6jVoT2ciAr0qjZcJ7OEK1Jtjg2KXlliMej098hgUlSkzPb95AqJWVPZx4d5saWEuhvFR4kjc17QGVJkSLUysVi4na5xhYv3hC+GAA9wGUCwwUNG/A3MyMFGBpeQRG7wvegromHObiMoFM4xQ3NRAek6zF9cdlwOmNjE/TzwJRb6V/EDEVYqEQTwsuU7MGzIE8CzOzeYkkUiX8zToHB9GneV5ep+Dvl4OhMUzNKdUKhGIiMjz/XIg0ODwWxafmotikLKRQBxCpx2XCaILCW5wCS+AgcAhYQWrXTlDp4KDMtrf3wOYM74F+2ojYFKLJZGCA3dDtMI464YZ7FhKJZbgfWtwDwcCPwCBgOaDSf9OQAd1xHALHLxtKgA3gieBCRrCwDpFEhpIyCnH0LRooBCYC24GVgKUxBojjuGwA/lHYdkHE8uHxBIjHFxBzHxQWjTLyK3TiLRoIAPYCJ4GzANtYAxidEdxkONXpeRXfl1LT3RAel7bIkIHuwGbgDjANsPuLgcBobVh00reE1MzalMzc99UDhn7qM2j4Z1PILij/yBX6zm9uCvjAeiAdSG0oSwzA9KIwq9Kzc2uvXT5c9/iX6/VPf79Z8+zx7drnJrJs2ZwarkjR/HEMUIH+wARgTkNjPiTZ9bowfOSQujfP7/5xasnEL789OltT//VnZAp1X35CK1cuqONJ1GCg9asNMB3IBzY5u3mPj09Or1u3cu7H8yVxr49vWvjqxrWjn03hxLHtNZm5BTVgYJ4xBsyBHGALzoaDsztdKNesVyo0Z/fEqR4nazQX4e/1URM4ptCEnZQogw5SmXy1mZFXe8AB6IwNWVrbtg/wdnM7n6g8P1bO9PemcbqYioOzR0ciuL97+TuRSNvCRBuHCHz4Zv/jZd6AhVWHdu18e1n3Ilt27fRvCvwJSMMKcn2GxnMAAAAASUVORK5CYII=,data:image/jpeg;base64,/9j/4AAQSkZJRgABAQAAAQABAAD/2wCEAAkGBwgHBgkIBwgKCgkLDRYPDQwMDRsUFRAWIB0iIiAdHx8kKDQsJCYxJx8fLT0tMTU3Ojo6Iys/RD84QzQ5OjcBCgoKDQwNGg8PGjclHyU3Nzc3Nzc3Nzc3Nzc3Nzc3Nzc3Nzc3Nzc3Nzc3Nzc3Nzc3Nzc3Nzc3Nzc3Nzc3Nzc3N//AABEIAFwAXAMBIgACEQEDEQH/xAAcAAABBAMBAAAAAAAAAAAAAAAHBAUGCAACAwH/xAA/EAABAwIEBAMFBQYEBwAAAAABAgMEBREABhIhBxMxQVFhcRQiMoGRFUJSobEjJHKCweEIYpLSJTNDY6Ky0f/EABcBAQEBAQAAAAAAAAAAAAAAAAEAAgP/xAAbEQEBAQEAAwEAAAAAAAAAAAAAAREhAiJREv/aAAwDAQACEQMRAD8AOOMxmEFZrFPokJUyqy2osdJtrcVa58AOpPkN8SL8IKxWqZRI/tFWnMRGuynVgavQdT8sBHOXGGqz5TkfK59ihpJCZBbCnnQPvWIsgeVr+Y6AaT5suoSVSqhJelSFfE68srV9T09MOIdKzxsozBUikQ5E09nHBykH0B976gYhFR4wZsmKUIr0SCi/u8iOFKA9VlQ/LA5Lot4YUPR5kRLLkqM+wh5GtoutlAcT4pJ6jzGLEfZeb8zzjeTmCpnybkKaH0RYYQGpVF4kP1Kcs+Dkpav1OG1chSSNJKQR0G+NhOkcvll9ZQDfSegONcHTrHHvAl9wE99Zw905CitP/HpkZN91NvuC30OIaZC7XOu3jpNseNyXCo6VqsP1xrYzlGWmM1ENaqbxCmhR3AfS48L/AM+q30xtJzZnumumMZ9PlhO4fXCVdY8dtI/LA+yzl+vZock/YbaXVRtBd/bJb06r26n/ACnHtaTmfL00wKkZjDyUhQShQcBSehBTcdvXFvivZafAb46Tl1XLcJ6HHdMBmfb2smyXFaVp90dSOvvbA9r3vgk5jeU+Y1GjqKXqgVBxSTZTcdNuarxHVKAR0Kwe2I/xdpBmcP5TcRIQmFpeS2B7ulO1rdrA3Hpjk2rYytaF6kLUg7i6TY2Ox+ovh/ocCDLjShNWpL4ZK4+lQAKh1B+XbEfcZW2khQt4EYxtS2+56djjc4LNbOpbbko1J1ISoFQ/EL74Mldy5O4m5OodcpbzJqUaOWH2HDpDhuL2V2Nxex2IV2wGtC3ltttpUtxxQShCRqUonoAB1OLF8OaYeH+Q3ZGYngwpbhkutk35VwAlA8VGw2Hc2wUgTWcuVbLjjTddgKjF4EoC1pVqA6kaScJfaaeIwa+zm+Zf3ny4pRPoCbDEk4jV1eYKozLlJcsrWUNNqF0IukJT0PgfmThhh0KbUKo1T4lNmCU58LT5CVAWvc3CbCw64YKb3gwbFpu3jcYlOT+H1YzbDXLpbkJDLbvKWX3ilSTYG+kJO1jhtm5cq9NqaYDlLfcllAcbbZTzuYg9FJCQbjY/TEq4Z5hkZYmSmXYrzdnAZMdy6VKT0OxtZSbD6+eKqC5w9yYxkelSEuSvaJUghyS/p0pASNgkeA3+pwA8z5ulVHMdSmAa23nyW9RtpQAAkfQDFoafOiVWC3KhvIejujZQ/MEdj2IwE8y8EqousSHcuyYf2e6rWhuS4pCmiTunZJuB2Ph6XOYWcTs6Zgy7nyUiE6mKQhlLK1tBYWxbUQArxWVaiN/cSO28kydxVpeY432RmhtuFLfTySrfkSNW1geqSb9D9cOfEXPWWqGFRJcRir1FKSPY7JVy72+NRB0XHa1z4YrxUJLEmc66zCahsuKuIzRUpKR4DUSfP+22JDDVOCLinFCk1lAY6IblMkqSPNQO/wBMcoHAp3UDU68nR3TGjbn5qP8ATEk4N5lNSpApEqUH5MNpJacUUhTjXTZPxEJNhrIFyfLBGNrG/TFtQcLjZE4VRxKcTqqCkHllaubJd/hHRI8xYYFtezrUs71fVI/d4DJ/d4iDcJJ21KP3lWv6C4He8YzRVpFfzLPqD7heU/IVy7b2QDZCR5WthyyXDZVWdEtSkxmlIS+4jfTqVYn5AKA+fjiMEOBlIU6HEzYl1DzsZDckNKR7mm/w6r/EPTrh3K6rmKTT6lQYSmEwgtAdkOAlzV1G/UevicJc0Qo0Knx2KXLSltxTilx25CloUhO6VG5uDbt0vggsQ4TVOiMFQQwlKUtWcKdW3kd741Pgv1CZyMw02rKq9Vp7ciMYpiuIYPupaJvbY7b9/PHGNSo+cZMyrqfciuLXy+WlaSGkJb2Wu/xX6f1wRIjcIqcbjuIcKkgrRzdex8rnY74GMEU+Fm6U1IF4HNdaCAbpJGw1DuPXbBeKXUSgZpq+VZJkUt5JQVDnxnLlp0dOnY+Y3279MEel8ZsvPw0LqTUqHJ6LaS0XU+oUOo9QD5YHvEtFMROS7S0tFlKUJe5GyFKI97T5bDyviEyIzjCwnSVpUApC0g2Uk9DgNFrJfCL2plqp5rK9avfTTwsi9wm3NV1v1ukdNt+2InRuHOZZ+Y1xZtHEJPMcUuUtu8dvrYJTeyk3sAB028MWT6DEC4tZu+wKN9nU921XqA0MhPVpBNlLv28AfE37HFoCbhnUZFBznFSyy/LOt+K6zDKSXkpSSCLkarEFXbbp4YMdez7S41CqDiROZltsL0MPw3GllVrCxUkDr3viFcDcuqcnu19QWIsZCo0Yk7PLO7i7eAGlOx6g4mPGeZ7Jw7qYSqyny2wPPUtN/wDxviqVvjJTAZDirGQsfsx+EeOHPKc5uJJkxpAu1OaDWomxSsLStBv6pt/NhitpvfdR8cbDrYYsMH9x2l1ajJh02PacoN8qPoCeTp+M6vAi9yTj2DXqll1DdPqkNMllIBZ9+6gntZW4UOuBplXOK6ZIaVLPvoBSHtOsKSRYhafQ9R+WCHTc0x59RRLUplTQYLCDEIKmb/eFz1wo8jNEmpFyLSoJiOaDd62tYH+UAW+ZNhhioMkUKpyPbWHW+Y2WlL/6jd7HVfDhNqkRuqPS29AjLj8h72ghvmJKRqJPY7DfywhrklNUaVPgI1pQ2lDem6khIFhY9V+ouOtzcWLlrOyIPxHqrFQq0v2ZpKEv/tAnwItY+psT88RmDWpESOGUgLSDtcdPLHasJcXJU88ordUbrUe5w3ORB7quamyhcAEbevhgsw7oir40ZkIc/d6ShOg2Jbcuk32Pxb+mG/KOUKznmqLmT3ZIjOK/e6k8TrcA+63fxFvIW+WDkxk/Lcd5DzNDp6HEElKgwnY4em20NIShpCUISLJSkWAHkMGjHCnwY1OhMQ4TKWY7CAhttPRIGBh/iFmcug0uElVi/LLhF+qUII/VafywWMA7/EIHnqvSUAEtsxXFgAddSgFEemlN/UYoQiIHU9sdFsOsOaXUKQvrpULEYxlwMuIWdJKTq0n+uOsiY5KkOSJLqnHXFalLUbknD3VzHE6u2NUhaVahe/jjslxvuT9DhbHditpK3Gm3trBKgsH12I/XGsGkpU8rS4vVqHwqO23lia5CdMyQmHIlrZQlepBK7A+IJUbAd8RIvsEWDbnyT/fG7UwMK1MtOpPjbDMjN2p1n1qgtRyILhcnKV7/AC/+WR3Nza56dABgbqJB36+mFj0xbxutLpPmRjgr3jflq/1DFbKvGWLhYzGYzHJtmBjxypyJVMp0o3S4w6tKHE9UlQB/PT+WCdhFV6ZDq8ByFUGQ6w51TcgjzBG4OGXKKqcttzVvy1HxKMa8pz/tD+TE6znlaDRa0YkV6StvrdxSSfySMc6blaFLIC35Kb/hUn/bjoyhgbc/GkeiMbFKyB75/wBIwW6bwwo8y3MnVJN/wrb/AKow+scH8ut/HLqbv8brY/8AVAwbD0BuUo/fX+X/AMx7yb9VL+uLBo4U5WT8TEpfrJUP0tjsjhdk9JBNMdUR+Ka/+mvB+osquns4/Er5k4z2fzP1OLKN8Pcpt9KMyf4lrV+qsKE5HysBb7Cgn1av+uDYev/Z,Mit einem Audiogästebuch können Gäste ihre Grüße, (Glück-)Wünsche oder Sprüche per Sprachnachricht an GastgeberInnen hinterlassen. Je nach Option werden die ...
2023-07-04_22-16,3,Dein Gästetelefon,https://www.gaestetelefon.de/,Dein Gästetelefon Audio Gästebuch Hochzeit und ...,data:image/jpeg;base64,/9j/4AAQSkZJRgABAQAAAQABAAD/2wCEAAkGBwgHBgkIBwgKCgkLDRYPDQwMDRsUFRAWIB0iIiAdHx8kKDQsJCYxJx8fLT0tMS03Ojo6Iys/RD84QzQ5OjcBCgoKDQwNFg8QGjUdHCUrLTc3KzctNy01KzcrKys1Kys1KzctNy0rLS0rKysrLTc3Kys1LS0tNystLS0rLTcrK//AABEIACAAIAMBIgACEQEDEQH/xAAYAAADAQEAAAAAAAAAAAAAAAACBAUDB//EACYQAAEDAwIFBQAAAAAAAAAAAAECAwQAERIhMQVBUWHwEyIysdH/xAAVAQEBAAAAAAAAAAAAAAAAAAAAAf/EABURAQEAAAAAAAAAAAAAAAAAAAEA/9oADAMBAAIRAxEAPwDuNDlfYXpaZOixlhp94IURlYg7eCl3OJxfYUSRgpJUMQbEWB+iKi1qOVvkLd6KpjPFIiwVGUCnG5SUH8reHPiyVqajvBa0DIixBA5UGMUqHHfWHXmUrUBa56eGkn+DsuOFaWmbq0B9K9hy59hVegwAN06dqJKY1wlpJBdQ0cdz6ZGnS96dixGGFLcZZShS9yBvW+OuutFQJf/Z,data:image/jpeg;base64,/9j/4AAQSkZJRgABAQAAAQABAAD/2wCEAAkGBwgHBgkIBwgKCgkLDRYPDQwMDRsUFRAWIB0iIiAdHx8kKDQsJCYxJx8fLT0tMTU3Ojo6Iys/RD84QzQ5OjcBCgoKDQwNGg8PGjclHyU3Nzc3Nzc3Nzc3Nzc3Nzc3Nzc3Nzc3Nzc3Nzc3Nzc3Nzc3Nzc3Nzc3Nzc3Nzc3Nzc3N//AABEIAFwAXAMBIgACEQEDEQH/xAAbAAACAwEBAQAAAAAAAAAAAAAAAwECBAYFB//EADQQAAIBAwMCBAQDCAMAAAAAAAECAwAEERIhMQVBEyJR8BQyYXEjgZEGFWKhscHR4SRCQ//EABcBAQEBAQAAAAAAAAAAAAAAAAABAgP/xAAbEQEBAAIDAQAAAAAAAAAAAAAAAREhAjFhEv/aAAwDAQACEQMRAD8A+40UUUBRUE4qGYDk/lQTkUZpGssw0ZKjnHvFWHickY345rOQ6ikkyKMrpOecj+9QZwg/FGnf1zT6D6KqpzvtjtirVoFFFFAUHailyHy5xuOPvxUoXLJhgFzk8bUJEDvJv9PfNECcuclm4Pv3xV5G0thQCx9TwKntVcKB2xUgY75rEk07M+GTGSFYjy++aukk3m1DK5PmBAqTnDDUwBGKqUBGDvWaZ7gAFcKCQASc96I55DN52BVQQ2kHANPqZwYSQ0Mmobr6e/f9aekgfBXcfarYDZzgqRWcAxSaTnS3B9Pf+KdDVRUKcipraIPFJkUMApzg8jPvtmsv7Qu6dInMUjxsSi6kOCMsAcHtzXh28l3cftBbdPkuJnjtJLjU3itGZAvgMhOn5iBLpwdjuTvUo6tcYqmB45zvqT+h/wB1xPUrzq46dLc2d64eGwuZHjdsBwJCNQOMhlAyvrjB5yPZ65cKvUn+IuLmC1srB7pzbuVYnVsducBT5TkHVuDSjfJLCt3LCjxGQebQGBI2GxHPcH8x6027hiSN3fSSRhQfWufN/Pc/tF1uwtr0Rym2MdtrHlgdFU69+ctLjO4/Bx2pDSJeDoS28nUk/wCc8NxFNdPrUrFK5RjnzEMqkNvlQMEg74vGRqV1MMKNhxgH/sMd9v8AFNW2jXVpyATuAdq49fiG6NdXM1xdJK/VWRHiu5B5PijHpxkAeUkYH0PNOjnuA/XpkupittcQW8GbhzpUxwFhpO2csfNzuasnEuXYKAqgDgUuVdQ2+1c71V7kdY6s6TSrFa9JSWMLMyhZGM4zpGx2UbnjAxWK6a9htb3NzPHL07pi3kWm5d1aRjKfOW3cYiA0nbzN9CNWaZdjG3lXbtV65G1n6lH16AfFGSxn6lLGUZvNHpgchRtuhwDvuGXvny9dSDL1O0W+sZbZ5JIw4+ePGpSDkEZBHI9KwL0aOG6tJYru6jlh8TMg0sZtbKz68qeSo4xjgYGK9k7jFJmGFD8aTv8AalHnHoVrJazQM8wSW3kt23GdLkse3O9J6106z6rOySX8luxt5IJfBkQF43IypDA+nOxG++9eyhGkHNY3sLaO4ecxH8QEOdRPJz+Q/wBUyrzv3X0yQmQ3WiZJLgrcCRNYEuWYAkfKNSnH8K5zSo+nWFpLGWvWeeK5a7aWSRQWbw2jywAAxozwB8o+tegen2bBg1vkSMSFLHjGM8+81E3SbWUs5jDFgQ+XO4OQe/1O1c74sYIen2gjks5b95Ipbj4hUaRPKfFMpC4AJGT3ycU2fpHT5pL6T95SIl+VdlV48Kyqih1JXP8A5rySM52rXH0qBHV/C84Uop1HYEYx+lMj6fZyHS0OCq42YjbJPr65q8fSsydHiupJph1S5mE1qLWcKYiJFGsgnCbEeKeMdtvW3VeiQXYLNPPGGhFvMkZXE8edkbIO27cYPmbfevTt7eK2UrCukMcncnO2P7ColbXKqjGBuT798Vq3SRkTpVv48M2ZNUdy90u4xqZGQg/TDH9K9KqgDY43q1WIKg+vb0qaKoyhjC+MEoeMCtCkEA5BB4xRIgdSrcEVm0SR7ITp7jvWelOkhDsG1EEAjbvU+DH3X+ZpaSq5wPmB3GKaGAG5H601TaPBj9P51WOIRkkEkkd6lpFIOTkegGaoXkK4VdP1NNC0smhcZy1RAjL85BYjJHepSMKdR3bmmjON6SCaKKK0gooooCoIByCNjU0UFGQP8wBGagRgHGD9xTKKmBQJgnv96kA9zVqKYBiiiiqCiiig/9k=,Ein Audio Gästebuch ist das Trend-Accessoire auf deiner Hochzeit oder Geburtstagsfeier. Dank dem Audiogästebuch auf deiner Feier, können Gäste Sprachnachrichten ...
2023-07-04_22-16,4,Nach dem Beep,https://www.nach-dem-beep.de/,Das Audio Gästebuch | unkompliziert, persönlich & ...,data:image/png;base64,iVBORw0KGgoAAAANSUhEUgAAACAAAAAgCAMAAABEpIrGAAAAJ1BMVEVHcEyqqqqpqamqqqqoqKiqqqqoqKiqqqqqqqqqqqqoqKinp6erq6uCGwfnAAAADHRSTlMAtlveFqU+fMfsKyKQ+afyAAAA/klEQVQ4jYVTiRKEIAjlUNDi/793gXZrSxuZSRve45AD4BKqmFIJJlKwnXpqWJ54vasK1rs5y9NC+M9i41lQ3i77Ge6Mn48X/ATqEP/MIzMt+IYD5NPGJ1+Sxm30/P0OkAi0uqRGhYhECY4rbvA82EIEpEgSRBxQidthDII7sjqEyjQPghIagXTjHXa2LqU3M7wIIQrW1Qz8r9vmcAun+AsRboxb97Pn6fk7+0FAUiVrfop5ma3fQrBboBv1OD1Ej6gOe5ysg0bdOMpaGfdiDVmjUVGKiex2dCjQsdR/hPbWrIJ6NmvZ7uXArEduPbTLsV8vDixXD9bLm/rZ+n8A/doHTIt4hTEAAAAASUVORK5CYII=,data:image/jpeg;base64,/9j/4AAQSkZJRgABAQAAAQABAAD/2wCEAAkGBwgHBgkIBwgKCgkLDRYPDQwMDRsUFRAWIB0iIiAdHx8kKDQsJCYxJx8fLT0tMTU3Ojo6Iys/RD84QzQ5OjcBCgoKDQwNGg8PGjclHyU3Nzc3Nzc3Nzc3Nzc3Nzc3Nzc3Nzc3Nzc3Nzc3Nzc3Nzc3Nzc3Nzc3Nzc3Nzc3Nzc3N//AABEIAFwAXAMBIgACEQEDEQH/xAAbAAACAwEBAQAAAAAAAAAAAAAABgQFBwMBAv/EADsQAAECBAQDBQYDBwUAAAAAAAECAwAEBREGEiExE0FRYXGBkaEUFSIyQrEHksEWNFJi0eHwI0NTcoL/xAAZAQEAAwEBAAAAAAAAAAAAAAAAAQIFBAP/xAAfEQEAAgICAwEBAAAAAAAAAAAAAQIDEQQSITFBURT/2gAMAwEAAhEDEQA/ANxggggCCCCAIIIIAggggCCCCAIIIIAggggCCCPCQBcwHsERHp9lq+ua3TbzivfrzSNloHYNTB61w3t6hdwQrO4kSPrV6COBxKL/ADK/NEbh7Rw8snCCFBOJCfrV+aJTOISd1AjtENwieHlgywRWS9XacA4icv8AMk3EWDbiHE5kKCh1BiXPalq+4fcEfN4XsZYhcosrLy8klpdSn3CzKB5YQ2k2upaydkpGp66AbwVW9RqMtT2gqYdQlazlbQVAFaug6xVGfU/dTpuOQHyiFB3Ay5KYZxBXaq9UqvxdFfK03dKtEjc958AIn8ZQBTmNjyERMu7i4otXtKbUFB8FSHSkAeELVOddq1QSw0rhsJUQ4u11HW1h09YlTs8Wm1JT01Mc8JJ4csmYO7zhd8CdPT7xTe501K160mTMmgyCRqzmt/EtR/WKX26iuuZKWwzUMrnDd9mbDhaOnzEkWtfXeL6sOuJp7oZfMu46C2l8AHhFQsFWOhsSN4Q8AVenNVielJp9L83e7jqJBUvZNgBmJ7THpqGVlz5K/TOpcqwlbs1R3Gm0qAuWWlXHUZVE+cSWmZGbazSyUIBFwprQp7wQP86RZl6SUClSHFJO4NrWt2xRVFmVp8y0/JZ2ml3LmoCUEC9+/QxPWHjHKyRPtIQyqUIzqCidiNosGCp1vMAj/wBERBYdaqkhnZdQpaToptQIv4cjHJt1aU5SbEaEGKT4aNbRlps65xGefjnIszmCTMLI4krMNqbGnxZjkI2vsb6EbQ7PzLUsw4/MOJbZbSVLWs2CQOZMY3XKnM/idiJulU0lFHlFZlk6XHNwnra4SLK1te2Y2sx2lYMmPf2AqY5PkFbksErXc3un4cxuBrpc8r3sSNTSTXuyUeU3NYjosuEm3+pOJCvy/wB4pse1FNINEpUqhPuuXbUVy603Q6U5SlKk7EZQvTbXus7SDcsmUZel3JBllaAtBYlUoFiLi28NPXHmvTxUoVajpnUlhE45w1G5cZsM6ezfeLOWYEq2hCRZCUgJtyERmpwCbdadsPiJSRsRFkkpKbcjFdNiLzNdStFtNz1PLLozIcRlUOsZvjSgzb7Ps1SVNuySDdt+VNlgXGi07G1t9h5AaFIO5UlBO2oiU4lDgsoAxLlyYot4lkcpVa5LT8wuVrEmKUthxMi2+vKcyU2QDmF73sTyNyeYiFOTuI6oy0maqstKz0vmS4yo3bfQSmyvhuBcHsJ8Y1aZoNLmHuM7JsKd/jLac3na8eStDpcm8XpeSl0OndwNpCj42vDbwjiefZYwVhz3bWnp9hkMyZZKG0qKsxUSLnXZOmg336xoLTrIRZ2XacPVQF4i5kgAC1hBmT1HnDbojFWK9WQYgrNcx5VFyDTiZKksrBdKlWQ2ORUfrXztsNLW+YtuH56j4ZpYp1FC39czro1Lqzuon7dkZrNYdxhKuKbFJm3EpJy2bCxfkd/06dIkCQx08MrchPtp5JQ0EcxzuOnrFmWYccT66iw24/wWg0oKF1a2uL38LxS0KvTC6R7KlLjyGCW0K6oubekfMn+HmKqotPt6BLtX1My7mP5U7nbcxodDwdLUeS4ASXlnVbixqo9w2HZEJItKra5F5LE+hwShV8DpuSzfkf5ft3baBJPcRpC21pcbULpUk3BHYYJvDss6kgsekLyqHUaI4p2hOltBN1yrqSppfXT6T2j1iNOrDyesdbeji2o5SQSD2QcRz/kV5wqN40RLDh1imzso4Ny22XWz3Ea+YjxWOaT9Hti/+sm5/SDtjNjn6a+I4f8AcV5wZlHdSvOFH9t5dV+DTaq50tK2+5jz9rJ5z93w5UV9M6kI/UwROfFH04A9pj6FrbQoJq+KZj92w802DsXpq/oBEltnG7qc3DpTV/o4a128cwiNK/1Yv1pBSOkeZB0jraCLMpyydkecPsjtaDnAcOFePDLpULEAxJjyAhqpzC/mbQe8Ry9yyN7mXRfsEWUEBBRSpNOzCPKO6JKXR8rKB4RJggOaWUJ2QkdwjoEp6QQQH//Z,Ob Hochzeit oder Geburtstagsfeier: Nehmt die Stimmung eures Events für die Ewigkeit auf − mit einem echten Retro Audio Gästebuch von Nach dem Beep!
2023-07-04_22-16,5,Hochzeitsfon,https://www.hochzeitsfon.de/,Hochzeitsfon: Audio Gästebuch,data:image/png;base64,iVBORw0KGgoAAAANSUhEUgAAACAAAAAgCAAAAABWESUoAAABqUlEQVR4AXXPAYfsMBhG4f7MCxZYwGIABoABA4wBBQPKQCkEJUCAUhAEKAIIAiEI37m3sY1xd/YgxPsg6eSI1Ydg1Wy0WmlJA6jonYvshXGeZ20W6woHwD0xw7xQ87EgJafw2L4BkxeyHeyg7TKrdblffOk/VMgHmBGBZQ0SImzLwt4Ir0BYtAVE7DoUKE+PHECxZ7QGCHZh8vEK0sCqVrfqkWFSgx1Nxjt0ogGBGKJAGA3GzeQBYWxgD6jnzMPj9w1daKCFRsNYcbD/AfYMhqIriCvlBUB2W0j/gKAiIswZ1QA444CtgIXJgjNwPQBaBfYKQhFhU8rlSP8NeCSw2myJl/fYzKMCuCXMp/Zh26Ic4RMMO4Brou8De7k0EAIVwCWx3Rz1I5EG4ga+EzhnMHoDigvIEckidHDKiHC/D+NsBWlRlgrqLkJNXuO54rqPhPwWg6Ezf34DMCxIR5/fC+TiEem4xbeAcC770E239/typQ7dDPwg8BiRWne+TC5Te9nP9rh1ZDtevk7XyaWDET9j051QS3a8nnaWwX7trIHawZy6Xc49SOsv44e2kzLPNj8AAAAASUVORK5CYII=,data:image/jpeg;base64,/9j/4AAQSkZJRgABAQAAAQABAAD/2wCEAAkGBwgHBgkIBwgKCgkLDRYPDQwMDRsUFRAWIB0iIiAdHx8kKDQsJCYxJx8fLT0tMTU3Ojo6Iys/RD84QzQ5OjcBCgoKDQwNGg8PGjclHyU3Nzc3Nzc3Nzc3Nzc3Nzc3Nzc3Nzc3Nzc3Nzc3Nzc3Nzc3Nzc3Nzc3Nzc3Nzc3Nzc3N//AABEIAFwAXAMBIgACEQEDEQH/xAAbAAACAwEBAQAAAAAAAAAAAAAFBgIDBAEHAP/EADsQAAIBAwMBBQQGCQUBAAAAAAECAwAEEQUSITEGE0FRcRQiI2EycnOBkbEWJDM0QkNiocE1UpLR8Af/xAAYAQADAQEAAAAAAAAAAAAAAAAAAQIDBP/EAB0RAQEAAwEBAAMAAAAAAAAAAAABAhEhMRIDQVH/2gAMAwEAAhEDEQA/ABbLi7hPlIPzpwVSaVZl+OnycfnTiq8VzOmhl0v6w32Y/OhJGy4JHgho7dLif1j/AM0GuFxM32ZpAq65e3N5D7HbqN8vGRk4FDU1W4XTliWI9/D8PnOcjxrfbahHp2qJI0TsHOz3ODzUtKuvbe00soi2ZduPSq/Qmt6D5NTufZSL1SZkGSSeSKw2FzIYnVo9uWLjJ6imD/6HgXsXu/yR0oAYnjijaZTh48qcdRVTxN9eldn13aJbEj+HNaCuTUOziY0C04x8MVfsbv8Ag+7t6fOsqqRTsr7ZWgrUCMGmQXcL8UfWFOKLwPSlO5XD/fTfEMovoKSqx3iDvVPjsxQdlBvY1PO4EYo3fftFH9JoTgG8XPzoEBbzs5pz3Id5pFZG3AKeAaoXs5paMzpezo7MW3K2DmjE997zIsC4UZJzQxtUY3yW6W6sD9Js/RFH1fBpTd6Dpd0xNzqM7MRjJbOKtTRtLlmtVa9MohUJHGSMEVfcDLNwOlDJkbbvwBljj7qPqjWzuiBYAoUKFGAB4VSF94nwqdixbToCxySgyTXV6UhFbLVTLzWg1WRz0oINuxyTTVb8wx/VFK95z+FNFp+7xH+gflQdZr8fFjP9JoSf3xT60X1D9pH9U0Ic/rS+ZyBQJC9HH7a10yyEbN2B5mgtnBqd1cyz2WwAKVbf1ojbSNZNepLC5YFj9IDrQ/RNej05Z4WiMhOWBBFRj9bqrriEMt3tmuXhkeH6LNnO3BolqduLfSILgOzAt09ahaMJOydxMWA3F+M+ZrusezHQ7ZYZd0pYYQNkn7q0ynYzx8p1sP8ATbf7MVYnQ+tV2YKWEKsCCEGQaknQ+tI4maga7mo5FADLw8fdTRZHNnD9QflSrOGkICg58qZbJtlpCjcMEAIoOuX+AY/voJdN3UsUijJ3gYohrU7KbaOHb3kjEAt0GBkmg90xj2s57wjqTu8PIA4zStOdT1GXTxMfaLeGV/EnrWF49JkbnSonb5AHNXLbPeWt26CzWWJ1kxKsbYXBHVup/wCqGwXotplvg0WIpAuyO3Vc5U+QA8PWs5+T+NLhJ62d3p5UoujlkPUIuR/aq4JtFt7xB7CkEgbCuwwAarn7boCpaP3WJGFCpyPE8Gvmu7ifUZYob6S3dsO4ztCsVB2kjxwRzincspN1MmN8M0c8c8O+Jw4zjiuBtqMT0FZY0v47e0uN0EsEoVGjBcyRADGWJ4HPh8+KvZS0LKOpFPHL6m02aobedotOs3CTSsCfJazfpZpR/mv/AMDQvV+zV9dzh0aMAeZrAOyOoD+KL8a1khagrr/aEWavbacwa4wRJOOQnyX5/Os2i9pL6KKOJbeSVYYTh+TvPzpeuUTJw2aIaPqFxpkHfxjvUI5XGdoo1wU0fpFHfpAGGyeL4jKeOMc/2q66lXcmScFuMUu6N3F3qHtjMWIyAPJaIt3mFg2Pujkxyp6eB/DFReCCdhHb31vcRmNSzvuVyOuP/GgmoWi2Dz2ssk8lrNEXkkhQFoGRuDg4B8RgkdetF9IvU09ttwgWJSeiknPpx5CgvaRBqN7BNpk/cP7wYKHQITjoT6Vj+Pf1dtb4g2g6atnDMIb66DPwsUaq0p44J3naPPrihs2pyW+pS3LQoXmmLspOVHQAAjwAAFHdZt7iXs7ZLBcsFV3V/gbRIOMZYDknB6Y6nOaEtYS6hcQtdyrHGnGFjNa4WWdqMsdXkeirdPLYxghQGQHiqo/o1Q1xHFDHECT7uBx1qaSfDFExk8JYTxUM1BnqG8VaXm6aZe3TttXYpPLMaJ6fZpb7YmJkUDB8M1nGo3KdHBx5is4vJpJcEgDyHFVd0chstJxbKI7aGIKP9i1balkv4rmQMUlyh+fGR/kUGa4lt5lETYG1ePPijUkhbTI3IG5SjA46HIrKraBLHNdywSRjCMdh68eVTltUVSY4kXjqV60IeVu+eYHDFycDpTRGNwVT02isslSl62ZBcYuomEW05UAgDnrx19K3X88Vlb7raR0l3hVDxkKx4907vl5etE2sYN+8KQzdcHg+o6H760wbRamNUVQ3UqMHg/Kj6s4rl6w2cy31kjzxhS495M5wflVUyPb4RuR/C3mK3x2MC/DAIAbOQec565860XlsksE3eFiQGcHPINVhWeQEZKj3tZdxr4Ma2Zv/2Q==,Ob zur Hochzeit oder für einen besonderen Geburtstag, mit einem Audio Gästebuch von Hochzeitsfon gibt es immer schöne Erinnerungen an eine besondere Feier.
2023-07-04_22-16,6,Herzfon,https://www.herzfon.de/shop/,Buchung - HERZFON Audio Gästebuch,data:image/png;base64,iVBORw0KGgoAAAANSUhEUgAAACAAAAAgCAYAAABzenr0AAABoklEQVR4AWKwAbRTTgsWwDAQ/bG1rWvbts2f3pud6dp2H+omOZPC4ZFvLDMN8KkAGkADaAANsODyyXYoxvbW/LzTK+v+sCx7A7cBtsNxOUnl2CojR6kmu9GEWjtKZmQ/lmJfGXtrLVnxBmUjEJFAsyNrmKONIZ1XZQc+vLWmxLoD2YnEbwFsBqNiTOdk2XMHwJQtSHIwVu2i2y/BVvcqqDlXFFuhcgXqrtRlEQF3Iwnx1VuyhP1U6642JAQ7M3wkekNJj6bwV7wV3JQpyKovdP8IqIgLy2iZpoN4WjZgwDUGoFq0VEenVMD9UB9S/a1QVAKNtiq2fInKMRdTQZkd2jtLVWYQ/l95B+gkCMdURicnqaxKowHFmiuhn4eyPKBTEsaRWJExd7mm5j3IFsexTl+8yBAFEPhVALtQA1UAiSBTAeWAx7TqDeKYkrIXTfAIMO8n7EV2VCZV35DKcY+yX8KeF7+CBTg4xFEYoY7pf2APQHwEZLDH/BDi9c+QAY+TGQa/+5TuAnDvx/8D64Ew08vgf/sn1AAaQANoAA0w+8ZyegacYuwOdU0N4gAAAABJRU5ErkJggg==,data:image/jpeg;base64,/9j/4AAQSkZJRgABAQAAAQABAAD/2wCEAAkGBwgHBgkIBwgKCgkLDRYPDQwMDRsUFRAWIB0iIiAdHx8kKDQsJCYxJx8fLT0tMTU3Ojo6Iys/RD84QzQ5OjcBCgoKDQwNGg8PGjclHyU3Nzc3Nzc3Nzc3Nzc3Nzc3Nzc3Nzc3Nzc3Nzc3Nzc3Nzc3Nzc3Nzc3Nzc3Nzc3Nzc3N//AABEIAFwAXAMBIgACEQEDEQH/xAAbAAACAgMBAAAAAAAAAAAAAAAABQQGAgMHAf/EADwQAAEDAwEFBAcFBwUAAAAAAAEAAgMEBREhBhIxQVETcYGRIjJCYaGx0RQVFlJTB1RykpPB4SMz0uLw/8QAGAEBAQEBAQAAAAAAAAAAAAAAAAECAwT/xAAaEQEBAQEBAQEAAAAAAAAAAAAAARECMSES/9oADAMBAAIRAxEAPwDuKEIQCFi97WDLnBo6k4UWW50cXrTtJH5dVNExCVuv1EOBee5qwO0VCOPaeQ+qbA3QlTdobe4f7hB6EKXTXClqQOzmZvH2d4ZTRKQhCoEIQg1zTMiHpHXoq7eNoZIWkUu6ffzW6713ZTTMPLQeX+VQrnVuLjrzWLVMXXWoqXFz5HO71prLg6mjaXRtLC0kuJOdD3pJDM8Oy12C7Qq67YW6Wrt1DV00JdEIA1wYPVBGRp0WfV8IKa4Nnj32nQ+9Yy1WujvikMNGwPOGbn8Ho/JSGQQyENP2nX8weAmqbUk/aztY52hPVRqmuaZAIw5h6F2f7JhbbfR0lHLVGCMytYQxzm5O8dBj3ry7Wt1LQ2unqImx1U80j3Z9YNO6APhnCCbY7leSM0sjnRD9Q5b8U9k2jraKMPrKaF7ebon8O8KPmOloYo4hjdbgquXWsySM6Kysnr9sKaeoLah1XGzTcipWZL9ObuPHkMeKtVvM0sJfLG+Jrnf6bJNXhuB63vzkqBsVEI9mqPHt7z/NxKeLWIqW1kD4ZTU7pMMhGXD2TjGMeAXP6wufO4ADs+WupXa3Ma9pa8BzTxBGQVojoKOJ/aR0kDH/AJmxNB+Sl51dc4sOztZXlmIXQwe1K9uNPdnUrpkMTYYWRM9VjQ0dwGFsS+6VZhZ2bM7xGSRyCSTmHqn3WzulutRLE1hD3k6KP91yAkbsZI4gE5+a3Xu7U1vt5rq90sTY5N2NkRyZXajA+fuyFVqX9oVHJWvkqLZJTskG72rJt8gcM4wOQHArnreRfdk4XC4yb8eGxQ4BPUkfRNb9aft74Z2AOkhBAY7gQf76KvUFY+L7OaJ7pSWgtmzoQcYB6jGv+VcLdWMrqVk7Bu5yHNPFrhoQt82WYzfihXuaopvROYyB6srDr4qqPmqLhVx0lPD2lTK7dYyN2c+PJdtqaaCqidFUxMljcMFr25BUa22i32xgZQUkUOmN4DLj3uOp8SrOMS3XtmojbrVS0ZeHmGMNLhzPNTUIW0CEIQYPcA4ZKr94D5nziN26SA0HOMDHI8uacS+lUAflBd9Evr4cEOcMtcMFo446rn141z657+0KimrrBR1VM41UdK93alozgHGvcOvcudRSzzbkUfaPc52pGfT6NA8Au5COSF4bSxAwgkvAzk8OHTQY6/BQjbKaSeodDEWvDcl0TWt7QY09Jozg54k9Vy1vCrZ2lkp7fFTTymMwxtY93R2852NOg0PcVZNn6rs5bhTNk3iH78bj7TgBnzwk9RLT0lNGBEBUEECmGSMY4nHBucjXQ+Kg2upkdO8DJBGQ7qeJPmrxbqdOpRvEkbXt1DgCFklmz9R21A1pOSzTw5f+9yZr0OYQhCAQeCFhLvCJxZ6wGiDU30ZZHOUKvqd8brW6BR6+8U8cZErcaag80lN0tZ1MZ/nd9VztajdVSlh3uzJPVhLT8EtlqJSC1jK3B1LRLug+I1Ur7ytX6Q8z9Ufedq/SHxWfilkVvnqCWiIQxuOXNbxd/ETqU1itDYsPe4Ma3iScALwXW1DhA3yKH3q1sbvfZYyRqN5uVQ5sThA6HGQ2cOawHmBqD5ZT9UPZy8TXzalm4winponPcfefRA+J8lfF0njNCEIVQIQhAkvFgFeCYZhE48i3ISP8E1X77D/IVd0KZF1SfwRU/v8AF/SP1WQ2Il53BnhCf+SuiE/MNUwbDv53Jv8AQ/7L38CB4xJcTunjuw4PzVyQmQ0tsdkorHTOhomHLzmSR5y5596ZIQqgQhCD/9k=,Passendes Audio Gästebuch zu jedem Anlass wie beispielsweise Hochzeit, Geburtstag, Jubiläum, Taufe und vielen mehr. Ein Audio Gästebuch in Form eines ...
2023-07-04_22-16,7,Nach dem Piep,https://www.nachdempiep.de/,Nach dem Piep: Dein Audio Gästebuch für deine Hochzeit ...,data:image/png;base64,iVBORw0KGgoAAAANSUhEUgAAACAAAAAgCAYAAABzenr0AAAIL0lEQVR4Ae1XA3RkWxZtjW1PbFXHTtoT22ZbsfNjO/N/bNv+bXzbtpMKqx6qKrNvutK/po2FwX9r7eK99+y7z3n73Lflv+qS+dvfthI8wNiHv8hKx3YqWifoKSeEaCn8KVBT/pdHdyr+6bi2ojQgdwLvwF/DOQq/xf9/w7ikeD1lp4cKaigrtc1PQ/4Xp7WVVJP0lR0eMVAZzzVSXc4xUr1SYKz6ZJGJ2hvA+8Umah+Sd+Bt4HmMeSbfWHU101DlDBAUratkcZij+HcnVdkfykKVO8oWrKnwkzg9ZfNsQ9UjGYYq5VjoEgJ8VmaqRleYqq1XmqlvgHwmKL8FKgCJ/4WlJmorhcaqb4H4ULqBSmqyvrIVVPoZ4v178AgdJWkMasYELiaKEFiE3QiyDFUEmMik6G+ATTNQofDOg8wsZBbEiYHPQjEE+I9JNVBZw1iazCHz87AWNiIqNVVbyTZSrUUK/3CdgIea3A8QqAqsRRgkxAAKktMEkJHNMdOick01qDxjVRq7YUCOKQFAlt0EvhMIrsNcky215AgwXpiD4OmGKgxUpTCXxQYZkEva3P2WGF0lfUz6gshLCBAFyOcN7NopnK0uWGs67LOEydQNoAmKvgUjBvuYt83aWGEKv8JCSySZOpAVkHfU0SQJvv0gR0EFDHtIvjYHSU5oCXGl333hAtt1MoC+Tgq4VQ1Izq3zsqJevTxJt4Z7UBU3zBMTOEMIGFsryzYgHx0ouMuSAQgePWAgeKKvgX7/lSv8ah/bZaIMkbeUKORgSfVlRPMGsmP5g9lx/K7kk7ySPbosFBECbPEu7S+uTHRdfX6qh65x3s3cQEKEQq8nBGyBXiAaRRMG+alrA64Fn6vKoz5582n2TG/jdKG51ruEAJgzyCeVYKLJT7EyW0qzNp9/xNp8IWm/8WqyoRoPajLiOlgo9HOMe+2ZM089N9lNdxzzo6ocLNjKAwY06ukMip5DCFgAZ4GkMC2FX6Ba08qtjT/qOOFPPTnQRH/w2lXBWEP5J4X79F9GcMG3O1DfkLwQu80zVmPzjTcCim5MH5T4tNjLtvzFqzND7750ceGlC2PckfrSpghX279rSMMTEFgXGANSgW37lGR21BemWTx/aXLgjefOzRZlJk1EGmtysZjEopDPksPk2ZlSld776eoAa/5jflZ0kYsllbNPj84zVRdIEsHt91a0taXGeH+LyWhv056aivyfX7dpfJAB2oAC4KdbcGlrqG9NjD7xo5TYUz/hyEj5n9JW4laIg+eZaggKHS2onuNugqkY3/XRSG/RQISXYDDCSzgR7SMajfQSVflb0Vm7tOkyMQnc3vModLPbud/PxMFrAcUbnVFHRio8VldpiQTPNdNgyY4no33W+yJ8BA0Jx1YHG6tWy3PSv+pvrluuy0xcbjztzx8Hka6jLoKsvbobJFAT/EMcBdfbEdgGhAAdwFHgBxL/7dCTlcpP1FdeKUKuITE9GeOz3h0TzAy3Na62NDUtnD1zZmmgv3/+/Lmzyz3d3dyeznZue27S2kikt7DtkBObZa7FwE2ZwxyFQ3fqAVLAo0Af4E5IiNupnpGcdDfcayV7tzY9cMpD2BfpK6guyOY+PjfHnZmeXpwZHV4daqzlnRkZ4p878/jyM888vdzV0b5Un3RyjShV5rabzgYBpCDtbr3bEmgU4xTgCeTvUpAegBWvFTlbUtOxvuvduQn8qckJ7vDQ4HxveRG/4IAxU2iiLiyw4AiqjoVQzz/1JP/5557jP33pPNUb5c92HHZm00w1+GhARTJ36YTbAXMgEagE0oAsF1W5tkzksC7Iliay1hfnLnZ2tM9P9fes5u/WZSWrvdRUXdSWlkDz+bz1pUWuqDMtgiJFmb5bh4ceUkfSfS+nmF8AuoAO8Bfs/lC2iTrbEu7IDkR4CwfamhaHBge/7i7KWd6sckmUedmz8998LaRpar2vOINFGkRp+/T5cNkeHZm/f2/L/V4ooLAc2GpTqD1DbrXextrl/r4+bldJ/nIJXPHG3vDPIHdmEbtfW1sVdWXH0+NR3qL0vbrEHaf2K8r88L4J5IAAcbtyz30bt19zburqhQvnlyYGB5by7HfTkgZVZMERjjfW0CzLrH/0/ruCrrhQpu+EuzDLgsNgnTN2yrI/fiAFiP/n/MOQnsBuehLCmanR4ZWa6uqvBttalosCPHiF9rupUi97arCqglpZXhLRFH99pqOBHo3yEVX7WzP52ADc8JyrqtxPH0SBUOL5ubDX2kAbhvhATcyh1eH+vsXenp4FeMDCUH8/t6WpcXF2ZnqjAK9Mj9K90QHs0GlPYRasmaiDjZx1VpX9yX0TQHPyBQEhWSQLXtB5xFlALLc98QhVmZkyPzLQz4UBLdRWV80nx8WuDdeU8vtw+41BrUInC5oYGEkRSYGDygOkgBytUe2M+KQEEjp0Y6g9S5QYxm1JXLE5JpRqjgqmyoIcqKEIT2H/SXdhgYM5lW9CmtK1AoUC43sVZX5w3wRw2DTBEWp5s9JJOrLREwrszeiGYDumF00JUouISxLrrUCxZu7WpkjHrJC4O+ADtSpS8IH7vfAw8mccQF7YPKwCIkKiFO+52GGmuRbpfGymJYfOMtVgCsTnAkBYKj5bYg4PTujzQE9KexWlt6VgMozkdeRxAca0jMVWkBo+1KFiCXSVqRhd5TU8gKzgcPsFHmK+wOnqY7Th1zDnInpJeriWws+3POiF4tmOM6M0gloigAvO/O6JANq0W9Q1uCK4E4hYIbgF/tM/raOkBvX+Rp6sLBSkt99u7e+ufwHy7RkRkwsSKgAAAABJRU5ErkJggg==,data:image/jpeg;base64,/9j/4AAQSkZJRgABAQAAAQABAAD/2wCEAAkGBwgHBgkIBwgKCgkLDRYPDQwMDRsUFRAWIB0iIiAdHx8kKDQsJCYxJx8fLT0tMTU3Ojo6Iys/RD84QzQ5OjcBCgoKDQwNGg8PGjclHyU3Nzc3Nzc3Nzc3Nzc3Nzc3Nzc3Nzc3Nzc3Nzc3Nzc3Nzc3Nzc3Nzc3Nzc3Nzc3Nzc3N//AABEIAFwAXAMBIgACEQEDEQH/xAAbAAACAgMBAAAAAAAAAAAAAAAABQQGAgMHAf/EADwQAAEDAwEFBAcFBwUAAAAAAAEAAgMEBREhBhIxQVETcYGRIjJCYaGx0RQVFlJTB1RykpPB4SMz0uLw/8QAGAEBAQEBAQAAAAAAAAAAAAAAAAECAwT/xAAaEQEBAQEBAQEAAAAAAAAAAAAAARECMSES/9oADAMBAAIRAxEAPwDuKEIQCFi97WDLnBo6k4UWW50cXrTtJH5dVNExCVuv1EOBee5qwO0VCOPaeQ+qbA3QlTdobe4f7hB6EKXTXClqQOzmZvH2d4ZTRKQhCoEIQg1zTMiHpHXoq7eNoZIWkUu6ffzW6713ZTTMPLQeX+VQrnVuLjrzWLVMXXWoqXFz5HO71prLg6mjaXRtLC0kuJOdD3pJDM8Oy12C7Qq67YW6Wrt1DV00JdEIA1wYPVBGRp0WfV8IKa4Nnj32nQ+9Yy1WujvikMNGwPOGbn8Ho/JSGQQyENP2nX8weAmqbUk/aztY52hPVRqmuaZAIw5h6F2f7JhbbfR0lHLVGCMytYQxzm5O8dBj3ry7Wt1LQ2unqImx1U80j3Z9YNO6APhnCCbY7leSM0sjnRD9Q5b8U9k2jraKMPrKaF7ebon8O8KPmOloYo4hjdbgquXWsySM6Kysnr9sKaeoLah1XGzTcipWZL9ObuPHkMeKtVvM0sJfLG+Jrnf6bJNXhuB63vzkqBsVEI9mqPHt7z/NxKeLWIqW1kD4ZTU7pMMhGXD2TjGMeAXP6wufO4ADs+WupXa3Ma9pa8BzTxBGQVojoKOJ/aR0kDH/AJmxNB+Sl51dc4sOztZXlmIXQwe1K9uNPdnUrpkMTYYWRM9VjQ0dwGFsS+6VZhZ2bM7xGSRyCSTmHqn3WzulutRLE1hD3k6KP91yAkbsZI4gE5+a3Xu7U1vt5rq90sTY5N2NkRyZXajA+fuyFVqX9oVHJWvkqLZJTskG72rJt8gcM4wOQHArnreRfdk4XC4yb8eGxQ4BPUkfRNb9aft74Z2AOkhBAY7gQf76KvUFY+L7OaJ7pSWgtmzoQcYB6jGv+VcLdWMrqVk7Bu5yHNPFrhoQt82WYzfihXuaopvROYyB6srDr4qqPmqLhVx0lPD2lTK7dYyN2c+PJdtqaaCqidFUxMljcMFr25BUa22i32xgZQUkUOmN4DLj3uOp8SrOMS3XtmojbrVS0ZeHmGMNLhzPNTUIW0CEIQYPcA4ZKr94D5nziN26SA0HOMDHI8uacS+lUAflBd9Evr4cEOcMtcMFo446rn141z657+0KimrrBR1VM41UdK93alozgHGvcOvcudRSzzbkUfaPc52pGfT6NA8Au5COSF4bSxAwgkvAzk8OHTQY6/BQjbKaSeodDEWvDcl0TWt7QY09Jozg54k9Vy1vCrZ2lkp7fFTTymMwxtY93R2852NOg0PcVZNn6rs5bhTNk3iH78bj7TgBnzwk9RLT0lNGBEBUEECmGSMY4nHBucjXQ+Kg2upkdO8DJBGQ7qeJPmrxbqdOpRvEkbXt1DgCFklmz9R21A1pOSzTw5f+9yZr0OYQhCAQeCFhLvCJxZ6wGiDU30ZZHOUKvqd8brW6BR6+8U8cZErcaag80lN0tZ1MZ/nd9VztajdVSlh3uzJPVhLT8EtlqJSC1jK3B1LRLug+I1Ur7ytX6Q8z9Ufedq/SHxWfilkVvnqCWiIQxuOXNbxd/ETqU1itDYsPe4Ma3iScALwXW1DhA3yKH3q1sbvfZYyRqN5uVQ5sThA6HGQ2cOawHmBqD5ZT9UPZy8TXzalm4winponPcfefRA+J8lfF0njNCEIVQIQhAkvFgFeCYZhE48i3ISP8E1X77D/IVd0KZF1SfwRU/v8AF/SP1WQ2Il53BnhCf+SuiE/MNUwbDv53Jv8AQ/7L38CB4xJcTunjuw4PzVyQmQ0tsdkorHTOhomHLzmSR5y5596ZIQqgQhCD/9k=,
2023-07-04_22-16,8,Hochzeitsportal24.de,https://www.hochzeitsportal24.de/blog/audio-gaestebuch/,Audio-Gästebuch: Tipps, Ideen & Vermieter,data:image/png;base64,iVBORw0KGgoAAAANSUhEUgAAACAAAAAgCAMAAABEpIrGAAACdlBMVEUAAAD1xMb0zc/0v8D0wcPxqq/zuL3ukJrreoTuj5zwoqnxqbHwnKbxqq3vo67vn6rvl6HtiJXth5TulZ3pbHjmSVnnWWvvlZ71yMvvm6TvmqDuj5zsgpDtjJTsf4XjNU7oZ3XrfYzvnqTvm6L4ztL62dzwmqHsforqanLmUWXqcoDreojoZnzpbobwoabulJzukJn74eP74OD++fn////1trvrcnzrfo/reY3reozumKH1x8zwnaDtjZDth43rdoH98/P2vMDzsLXtgJPxnqrsiZvxp6jvnJ3ukZTqbnrpbHfwnqP85un//Pzzp6/yo6vpbITqdYb1xcfxpajpZWz51NjnWHTpaYDpZnnoZHf0vbzxqarqeIToYWz97u3zrLfmU2/nVmnpYXH20tHyubrnU133xszkPlblQFrmUWvnWm/0vbznXGvjLkvlSWHnYXbpanzqd4bytLbqbn/mUmLiKEvlRl7mSl/qdofxqq/lTV3lQ1XviZr+9vfhIUPmVmPrc4XkOFLvm5nzuLfgEkPqcXXsg43kPF3hGkboXGTthIPvlY/qbmzoZGTuionwo6nrenfvkIjoYV7yran30tPxrbDqbWXpaWXsgnzxpqXmT1Xsd3Ptjo/sfHz3xMPvlpb0y8nrc2zsdGXoXFL86+fzt7XxpqLuiX/th3ftgHDqaU/wopP4zMX0trTytbDzs6Pvno7xm4TvjHPtf2XsdVbypI/85+LxoJHvj3bviW/wmITvo5/yuLTtfF3wl3zvk4Txsqz0wL/0yMP0zMXztaX0v77zvbr2393urKL0v7/yr6bvkIDvmozxu7TxwrrxrK7zzsj11dS8T+oHAAAA0nRSTlMACCNXhpUeRXBZLAwar933//+3suv+93wEwPX////////Yie3//////////9VR//T6///////////22hT//f////////+MN+L////////////LDnD///////+a/v////////826f///////7P//////57V///////Bvv///////////2f///f//////////8r///9HUOr///+d///w///+oP/////z/P///////6L+/f/////////p/////n7////8w3HK845LWP885ez09/p5uC9ylsoRAAADKElEQVR4AV1TU7QjWRTdp6zgKWpzbNu2bc98jedrbLfx3bZt2zZTeYhTcXK7qnv10748xlqH0A50FiXJvrLneUKrVKeKQK1oVTjvIRA3JIetgyinEUVyHRUMH7WAoKtkI1rv3EeNSJuC4WrIq3SslyM46PNaBuzPxutXt+bgC5EX5E/DY9CVGSOcvGCLdpGuOSLOue7vZxw/RlqfCy4MhV2ZoOvartYFXdmFhn7Ow9Nkngxqbv3IpZEaU4n0Ouqt7VGQQb6dD0xxFEihk3dEobJL1YIJXlfRhbIScyo5eDbE21rijmhWbSZVcQHXbYuz/XJtnbZezd33sGQr3KI0HZKOat2wxzNtP7DkGjOYlOaK6p2in9/zSQDC9huOXber1wX85aoCb9DsGuUBBYpqLaxksnIaHJPzy8In+EptUH6/DPR/5KHTd6ioKofTzAqNzILLDlYsGC67tS3sAhORGB5NxN+WontxHR68wKcL6nvbojgNUstuuSYM7PKYl9SHvYvvPnTByZW1/DecqxGWBfhEgO8GHKuaWGPN0+4rYc0D3dH7RyF1SZRCD+7zo4bKixDcBgk3NSMsX3oZ0U309+MCr66/6SjvS6lAUU+Ge3tPo8fBBz1VSFQS8+qdXEb8md1IBVk4fjp+G1x9GLBta52qo8y0ouD6TMCSoLX00RWPQIKcZkbDTsDM2NKsW2ZG1jWYw5ThyYsXvTlrVqChx8pQSLgKwLVgCO8riVm8sYADnnh412v85597eHxgHuyxFDbnZLG572XF9IKaynwBWPP4ZYGqlNV91IzXCt/9DwzOvtWw8bHGRRjHMrZCDC/T6a6ynWg3uEt7ANDXMe3GeAP/ijwatkLp7Ref7UtEGhG07FxHYdCXRcad9G5KTnEUGLvojQm2fQnixX+++6PtEQtyOqI39XmjHiDAuRaWikpSUykpqWm56NoB38H979F9xda54JYRWSXVgiRluIyy4ybxdFeBbkarAm75e3/fLLIakqJHzcfmvOj6Y0qH0UOgkfvwDWemkHazdTc/FAE6Kjj/+/DYNWV3GuzBHENnhVbGtoHv38jQijNbOy4+C8NitgAAAABJRU5ErkJggg==,data:image/jpeg;base64,/9j/4AAQSkZJRgABAQAAAQABAAD/2wCEAAkGBwgHBgkIBwgKCgkLDRYPDQwMDRsUFRAWIB0iIiAdHx8kKDQsJCYxJx8fLT0tMTU3Ojo6Iys/RD84QzQ5OjcBCgoKDQwNGg8PGjclHyU3Nzc3Nzc3Nzc3Nzc3Nzc3Nzc3Nzc3Nzc3Nzc3Nzc3Nzc3Nzc3Nzc3Nzc3Nzc3Nzc3N//AABEIAFwAXAMBIgACEQEDEQH/xAAbAAACAgMBAAAAAAAAAAAAAAAABQQGAgMHAf/EADwQAAEDAwEFBAcFBwUAAAAAAAEAAgMEBREhBhIxQVETcYGRIjJCYaGx0RQVFlJTB1RykpPB4SMz0uLw/8QAGAEBAQEBAQAAAAAAAAAAAAAAAAECAwT/xAAaEQEBAQEBAQEAAAAAAAAAAAAAARECMSES/9oADAMBAAIRAxEAPwDuKEIQCFi97WDLnBo6k4UWW50cXrTtJH5dVNExCVuv1EOBee5qwO0VCOPaeQ+qbA3QlTdobe4f7hB6EKXTXClqQOzmZvH2d4ZTRKQhCoEIQg1zTMiHpHXoq7eNoZIWkUu6ffzW6713ZTTMPLQeX+VQrnVuLjrzWLVMXXWoqXFz5HO71prLg6mjaXRtLC0kuJOdD3pJDM8Oy12C7Qq67YW6Wrt1DV00JdEIA1wYPVBGRp0WfV8IKa4Nnj32nQ+9Yy1WujvikMNGwPOGbn8Ho/JSGQQyENP2nX8weAmqbUk/aztY52hPVRqmuaZAIw5h6F2f7JhbbfR0lHLVGCMytYQxzm5O8dBj3ry7Wt1LQ2unqImx1U80j3Z9YNO6APhnCCbY7leSM0sjnRD9Q5b8U9k2jraKMPrKaF7ebon8O8KPmOloYo4hjdbgquXWsySM6Kysnr9sKaeoLah1XGzTcipWZL9ObuPHkMeKtVvM0sJfLG+Jrnf6bJNXhuB63vzkqBsVEI9mqPHt7z/NxKeLWIqW1kD4ZTU7pMMhGXD2TjGMeAXP6wufO4ADs+WupXa3Ma9pa8BzTxBGQVojoKOJ/aR0kDH/AJmxNB+Sl51dc4sOztZXlmIXQwe1K9uNPdnUrpkMTYYWRM9VjQ0dwGFsS+6VZhZ2bM7xGSRyCSTmHqn3WzulutRLE1hD3k6KP91yAkbsZI4gE5+a3Xu7U1vt5rq90sTY5N2NkRyZXajA+fuyFVqX9oVHJWvkqLZJTskG72rJt8gcM4wOQHArnreRfdk4XC4yb8eGxQ4BPUkfRNb9aft74Z2AOkhBAY7gQf76KvUFY+L7OaJ7pSWgtmzoQcYB6jGv+VcLdWMrqVk7Bu5yHNPFrhoQt82WYzfihXuaopvROYyB6srDr4qqPmqLhVx0lPD2lTK7dYyN2c+PJdtqaaCqidFUxMljcMFr25BUa22i32xgZQUkUOmN4DLj3uOp8SrOMS3XtmojbrVS0ZeHmGMNLhzPNTUIW0CEIQYPcA4ZKr94D5nziN26SA0HOMDHI8uacS+lUAflBd9Evr4cEOcMtcMFo446rn141z657+0KimrrBR1VM41UdK93alozgHGvcOvcudRSzzbkUfaPc52pGfT6NA8Au5COSF4bSxAwgkvAzk8OHTQY6/BQjbKaSeodDEWvDcl0TWt7QY09Jozg54k9Vy1vCrZ2lkp7fFTTymMwxtY93R2852NOg0PcVZNn6rs5bhTNk3iH78bj7TgBnzwk9RLT0lNGBEBUEECmGSMY4nHBucjXQ+Kg2upkdO8DJBGQ7qeJPmrxbqdOpRvEkbXt1DgCFklmz9R21A1pOSzTw5f+9yZr0OYQhCAQeCFhLvCJxZ6wGiDU30ZZHOUKvqd8brW6BR6+8U8cZErcaag80lN0tZ1MZ/nd9VztajdVSlh3uzJPVhLT8EtlqJSC1jK3B1LRLug+I1Ur7ytX6Q8z9Ufedq/SHxWfilkVvnqCWiIQxuOXNbxd/ETqU1itDYsPe4Ma3iScALwXW1DhA3yKH3q1sbvfZYyRqN5uVQ5sThA6HGQ2cOawHmBqD5ZT9UPZy8TXzalm4winponPcfefRA+J8lfF0njNCEIVQIQhAkvFgFeCYZhE48i3ISP8E1X77D/IVd0KZF1SfwRU/v8AF/SP1WQ2Il53BnhCf+SuiE/MNUwbDv53Jv8AQ/7L38CB4xJcTunjuw4PzVyQmQ0tsdkorHTOhomHLzmSR5y5596ZIQqgQhCD/9k=,
2023-07-04_22-16,9,gastgeplauder.de,https://gastgeplauder.de/,gastgeplauder.de – Audiogästebuch,data:image/png;base64,iVBORw0KGgoAAAANSUhEUgAAACAAAAAgCAMAAABEpIrGAAAA4VBMVEX////9/vz2+ezz9+b6/PXZ2dmbnJd9g2trd0RwgjyElVGktXDE05jb57fu9Nu8vLtlbFBuiB6DpR50kB5ieR1VZx1QYB5ugjOVqlbC1Ivi7cJ0dHClvVqXvx+Rtx9meyeXr0/M3peorZmkxzyLrx5ZbB6IojrE2Yb29vZ7e3rL1LOawCV9nB6SrT7Y3cmEklqYpHW1xoO703CtyFyVlZSxsbHS4qJeajiwsqqDg4LAxa+ry0va4sGxz1lLWh34+/Gcn5Gst4qrv250jyP7+/vm5uaChXq/1nqls3vOzs2VpGh0FWRXAAABKUlEQVR4AdVSAxYDMRSsba5te7c273+f2k0P0HlYZJA/Sex/EE8kU/HYT6Qz2Vy+UCyVKyngerVWbzSarXan04VgJPGtRzH8AqJRb3dIiq58hGUYFn+Aq3d4QXyjSLKiPgkqTmhtXqcTLwTUYG8Rza5p2Q5LNDstF3maeH5wZdTDyPfkXp9mObKtB4+J0qd/4uDk3bFPKqkqe8OR2hw3xckjpNqTp7N5N5u8fmZ6xghvjBfOcyPLtN/reav7l9+rDHCuU78yHqSXVy9D4yfGwjmlgLtdj/Azo7kBdy/1tpdqGh0tAB7hrre5NqO1Rylggkffqmu7QEIaNUZXQscB3xJfNhz1ElEGT7GsolWaxQl+D5rz1n9GcVu3bsGj+rK8vnX7i7Jaxv4FR0LjKXMjnZAxAAAAAElFTkSuQmCC,data:image/jpeg;base64,/9j/4AAQSkZJRgABAQAAAQABAAD/2wCEAAkGBwgHBgkIBwgKCgkLDRYPDQwMDRsUFRAWIB0iIiAdHx8kKDQsJCYxJx8fLT0tMTU3Ojo6Iys/RD84QzQ5OjcBCgoKDQwNGg8PGjclHyU3Nzc3Nzc3Nzc3Nzc3Nzc3Nzc3Nzc3Nzc3Nzc3Nzc3Nzc3Nzc3Nzc3Nzc3Nzc3Nzc3N//AABEIAFwAXAMBIgACEQEDEQH/xAAbAAACAgMBAAAAAAAAAAAAAAAABQQGAgMHAf/EADwQAAEDAwEFBAcFBwUAAAAAAAEAAgMEBREhBhIxQVETcYGRIjJCYaGx0RQVFlJTB1RykpPB4SMz0uLw/8QAGAEBAQEBAQAAAAAAAAAAAAAAAAECAwT/xAAaEQEBAQEBAQEAAAAAAAAAAAAAARECMSES/9oADAMBAAIRAxEAPwDuKEIQCFi97WDLnBo6k4UWW50cXrTtJH5dVNExCVuv1EOBee5qwO0VCOPaeQ+qbA3QlTdobe4f7hB6EKXTXClqQOzmZvH2d4ZTRKQhCoEIQg1zTMiHpHXoq7eNoZIWkUu6ffzW6713ZTTMPLQeX+VQrnVuLjrzWLVMXXWoqXFz5HO71prLg6mjaXRtLC0kuJOdD3pJDM8Oy12C7Qq67YW6Wrt1DV00JdEIA1wYPVBGRp0WfV8IKa4Nnj32nQ+9Yy1WujvikMNGwPOGbn8Ho/JSGQQyENP2nX8weAmqbUk/aztY52hPVRqmuaZAIw5h6F2f7JhbbfR0lHLVGCMytYQxzm5O8dBj3ry7Wt1LQ2unqImx1U80j3Z9YNO6APhnCCbY7leSM0sjnRD9Q5b8U9k2jraKMPrKaF7ebon8O8KPmOloYo4hjdbgquXWsySM6Kysnr9sKaeoLah1XGzTcipWZL9ObuPHkMeKtVvM0sJfLG+Jrnf6bJNXhuB63vzkqBsVEI9mqPHt7z/NxKeLWIqW1kD4ZTU7pMMhGXD2TjGMeAXP6wufO4ADs+WupXa3Ma9pa8BzTxBGQVojoKOJ/aR0kDH/AJmxNB+Sl51dc4sOztZXlmIXQwe1K9uNPdnUrpkMTYYWRM9VjQ0dwGFsS+6VZhZ2bM7xGSRyCSTmHqn3WzulutRLE1hD3k6KP91yAkbsZI4gE5+a3Xu7U1vt5rq90sTY5N2NkRyZXajA+fuyFVqX9oVHJWvkqLZJTskG72rJt8gcM4wOQHArnreRfdk4XC4yb8eGxQ4BPUkfRNb9aft74Z2AOkhBAY7gQf76KvUFY+L7OaJ7pSWgtmzoQcYB6jGv+VcLdWMrqVk7Bu5yHNPFrhoQt82WYzfihXuaopvROYyB6srDr4qqPmqLhVx0lPD2lTK7dYyN2c+PJdtqaaCqidFUxMljcMFr25BUa22i32xgZQUkUOmN4DLj3uOp8SrOMS3XtmojbrVS0ZeHmGMNLhzPNTUIW0CEIQYPcA4ZKr94D5nziN26SA0HOMDHI8uacS+lUAflBd9Evr4cEOcMtcMFo446rn141z657+0KimrrBR1VM41UdK93alozgHGvcOvcudRSzzbkUfaPc52pGfT6NA8Au5COSF4bSxAwgkvAzk8OHTQY6/BQjbKaSeodDEWvDcl0TWt7QY09Jozg54k9Vy1vCrZ2lkp7fFTTymMwxtY93R2852NOg0PcVZNn6rs5bhTNk3iH78bj7TgBnzwk9RLT0lNGBEBUEECmGSMY4nHBucjXQ+Kg2upkdO8DJBGQ7qeJPmrxbqdOpRvEkbXt1DgCFklmz9R21A1pOSzTw5f+9yZr0OYQhCAQeCFhLvCJxZ6wGiDU30ZZHOUKvqd8brW6BR6+8U8cZErcaag80lN0tZ1MZ/nd9VztajdVSlh3uzJPVhLT8EtlqJSC1jK3B1LRLug+I1Ur7ytX6Q8z9Ufedq/SHxWfilkVvnqCWiIQxuOXNbxd/ETqU1itDYsPe4Ma3iScALwXW1DhA3yKH3q1sbvfZYyRqN5uVQ5sThA6HGQ2cOawHmBqD5ZT9UPZy8TXzalm4winponPcfefRA+J8lfF0njNCEIVQIQhAkvFgFeCYZhE48i3ISP8E1X77D/IVd0KZF1SfwRU/v8AF/SP1WQ2Il53BnhCf+SuiE/MNUwbDv53Jv8AQ/7L38CB4xJcTunjuw4PzVyQmQ0tsdkorHTOhomHLzmSR5y5596ZIQqgQhCD/9k=,
2023-07-04_22-16,10,salutsalut.de,https://www.salutsalut.de/,SALUT SALUT Audio Gästebuch,data:image/png;base64,iVBORw0KGgoAAAANSUhEUgAAACAAAAAgCAMAAABEpIrGAAAA6lBMVEVHcEynnpqeh2pfRC3nzq1XOSOok3vcuoFeQSuGbk9qTCuumHzox5PoyZmznoDx2KzCrIP87dHmzaOmkn2bhWxxbm93VCvUrHldPyl/aErowYx7WzKQdlTewphsUz7k0ay6nnFoTCRkSCKTeFFtTiRtUilfQyF8Yjx5XjWkiVupjV6dgliWfFhzWS6aflCGbER9enawlGawmnVsamdaWVnRsHe7nWmEg4Dew8HVt7jszppQNSFHSEedhWJ1ZE6nm408PDvLuLaZmJfmzMqRdEqEaDHEpG/45NuYjYImJiVjVUC+rKy1p6G2sKnlganUAAAAIXRSTlMACeVTM4M/+z7+o7XCiXKk/RtGmnAckH/i3c7iwcPO0fIi+YkIAAABtklEQVQ4jd2S2ZKaQABFQYmIjo46SybrBGholu6m2UVQFtfM8v+/Mw0OCVbNe6pyeOOeguZyOe7/Yy4Ii4Uw5z/KhOm4Z6sOQ117sx8T4SIdjNeSoclnFIbmuOJk3sbTnoTrQP9D45DwqnkM33NwkzqqbZqW67qWqWo6uyWT1TUTbiB0DFlPbctyvVeUv3heGIZQlzUIveOC4yTDgA7UoWnnFc2fyxOt8kMUphhCuF9ecwNoYGzg1LZLny63y+12G8deJO40jPF+9sjdGpgdIIXkFPjPSZIsk+MrPUWHMAVA21siN9DqA6YE5TEtk5IZx4rG60hUAFBk5xfHfVEU/eEnQtSP/Rf2hpJmQcUE9QEAYEzZZ/aHPNdDSIqzIAuCoKiKooii8HA3vP/2vW1yrapoEwdF9ptdNHty3Zn4uVP1LVJrw6cB9X3/aVdXspp0hBu1YSdtNhuJNcZwmxZbxruzgWyb1V1jeaurjtBzWEoIQoicFcu8FNi//gsr1oCQrL52BGgAWQY17SJk0v0KftSsBbxTK4CI3UXdaUozEkVuAeRyc/ywpt/vf6oZjUb3g4+G+494A4PlUsG48VEeAAAAAElFTkSuQmCC,https://encrypted-tbn0.gstatic.com/images?q=tbn:ANd9GcTZ5GNVDilIWv-gHevfbLKSTAC4dR_QRdZsUDCqNhgHE490oN15oe5V&usqp=CAE&s,Unser Audio Gästebuch kann viel mehr: Aufnahmen von lieben Nachrichten, Gesang & Gelächter. Es kann Stimmungen und Emotionen festhalten. Direktes Einfangen von ...
2023-07-04_22-16,12,I just called | Audio-Gästebuch,https://www.audiogaestebuch-fulda.de/,I just called | Audio-Gästebuch | Geschenkidee,data:image/png;base64,iVBORw0KGgoAAAANSUhEUgAAACAAAAAgCAMAAABEpIrGAAAA6lBMVEVHcEynnpqeh2pfRC3nzq1XOSOok3vcuoFeQSuGbk9qTCuumHzox5PoyZmznoDx2KzCrIP87dHmzaOmkn2bhWxxbm93VCvUrHldPyl/aErowYx7WzKQdlTewphsUz7k0ay6nnFoTCRkSCKTeFFtTiRtUilfQyF8Yjx5XjWkiVupjV6dgliWfFhzWS6aflCGbER9enawlGawmnVsamdaWVnRsHe7nWmEg4Dew8HVt7jszppQNSFHSEedhWJ1ZE6nm408PDvLuLaZmJfmzMqRdEqEaDHEpG/45NuYjYImJiVjVUC+rKy1p6G2sKnlganUAAAAIXRSTlMACeVTM4M/+z7+o7XCiXKk/RtGmnAckH/i3c7iwcPO0fIi+YkIAAABtklEQVQ4jd2S2ZKaQABFQYmIjo46SybrBGholu6m2UVQFtfM8v+/Mw0OCVbNe6pyeOOeguZyOe7/Yy4Ii4Uw5z/KhOm4Z6sOQ117sx8T4SIdjNeSoclnFIbmuOJk3sbTnoTrQP9D45DwqnkM33NwkzqqbZqW67qWqWo6uyWT1TUTbiB0DFlPbctyvVeUv3heGIZQlzUIveOC4yTDgA7UoWnnFc2fyxOt8kMUphhCuF9ecwNoYGzg1LZLny63y+12G8deJO40jPF+9sjdGpgdIIXkFPjPSZIsk+MrPUWHMAVA21siN9DqA6YE5TEtk5IZx4rG60hUAFBk5xfHfVEU/eEnQtSP/Rf2hpJmQcUE9QEAYEzZZ/aHPNdDSIqzIAuCoKiKooii8HA3vP/2vW1yrapoEwdF9ptdNHty3Zn4uVP1LVJrw6cB9X3/aVdXspp0hBu1YSdtNhuJNcZwmxZbxruzgWyb1V1jeaurjtBzWEoIQoicFcu8FNi//gsr1oCQrL52BGgAWQY17SJk0v0KftSsBbxTK4CI3UXdaUozEkVuAeRyc/ywpt/vf6oZjUb3g4+G+494A4PlUsG48VEeAAAAAElFTkSuQmCC,https://encrypted-tbn0.gstatic.com/images?q=tbn:ANd9GcTZ5GNVDilIWv-gHevfbLKSTAC4dR_QRdZsUDCqNhgHE490oN15oe5V&usqp=CAE&s,
2023-07-04_22-16,13,VOICEMAIL WITH LOVE,https://voicemailwithlove.com/,Das Audio-Gästebuch für Deine Hochzeit - VOICEMAIL ...,data:image/png;base64,iVBORw0KGgoAAAANSUhEUgAAACAAAAAgCAYAAABzenr0AAAB1ElEQVR4Ae3Wg45sURBA0Wn3s23btm3btm3bxpifOTvJHtusZOX0rdRxK6E1WqOpRVAB2KJQTnUSgdqvrXpswEPdQDf0wHU8Mr+h1o/d9iw+4wk+4Q5SkIQ75p5Ycxr2rZ1jH+vAd3Ec05xwFVbio7njuI8vGF0b1xGy3YxXLiAvxmEt1mA88uIm3he6ilBtHP86PMcLhM3NxFbNMRe17jVW18o1GF3wCxfwFTfwDk/wFG/NfcN5a7vU9ptwAf5iHGZgNmZptrmx+If5tbn7wve4wgnKikQsh31qM7x7J8hCO+RFW+RgKaw16mgRS5GJkLKwpOLJa38RKUgte+d1v4jFWARzTTTCiNh2QxQBdEd7xfJqFULcNmKfmLmO6GR90PoA2psP2q9z3qn1wQFswDbsxR6sxXwc9vkmttrOxTG0daFvcQmrsNL6o1iE8RiHrdqB7biAngnGMgzCQkyy0wwMs51gp+lYjSnWDnIXa30ejB4YgokYiAHWz8RYTPD1XE+hSMRdVUf0RRf0cZftfB0z3xX9ECh07N00sNB4Qet6oD8M/0EZAdt2mIpR7n4IJmAkRmC0ux5hOxxtC00wylOY7HjD3OUQ9MCkgklbozVao5FELlTkPQn/x15sAAAAAElFTkSuQmCC,https://encrypted-tbn0.gstatic.com/images?q=tbn:ANd9GcRv9l2PzWeXxON3cuPz4OwN9AdRvxCtIyqCFpdQY58HGeMBEbQhC8xt&usqp=CAE&s,ENTDECKE VOICEMAIL WITH LOVE - DEIN PARTNER FÜR UNVERGESSLICHE MOMENTE! UNSERE HOCHWERTIGEN AUDIO-GÄSTEBÜCHER ERFASSEN HERZLICHE GLÜCKWÜNSCHE UND LIEBEVOLLE ...
2023-07-04_22-16,14,Mailbox Memories,https://mailbox-memories.de/,Mailbox Memories - dein Audio-Gästebuch / Grußtelefon ...,data:image/png;base64,iVBORw0KGgoAAAANSUhEUgAAACAAAAAgCAYAAABzenr0AAAHRUlEQVR4AaWWA9A0uxKG3+5kPvw41rVt27Zt2ypc27Zt27Zt2/60M0nfp3a79h4zVU+9naQ1M9mZtcdc7Yln8Jhe7328cOljlD4JNTRQ1Y4d01eZ38wUP10d/1tXp61Jikt4n96Jz0HQwaCB8MVmDSW3Ftq691YKc4su5l6iP8nD7PVwYZk3WTEUiuYK4WVickF8Xvnftf01tFlIoZDfLswPwmcEhw6VWPCCDmg1QElsgzHBNmwwhfQQoigub0EERYKkYFoosN6Jk+z8e7b+fsif9j1DE4O1zr66CCIeCnw3pLsSc0N4JfvfRO8GNyLni0HYNlcEep0bMsdZEUCHoNRIWx3bzNctukKLtdTGxmpQDL0kqTbwFvbbdsp6WZ9NjZqyHm+V7DusP4fNwDbqygnYIlEWWywypyCazSQrNLG/90mRe13ZHDQvTx/L2sboK2vkKJLI2BtaPVptvqLtYc/zWf4R8Q4hYUj2l7w1efuzuFAtFDr7lb3TpqewlXjejT92r5oNu0fJGsWjtpn2bv9t2rXzz8ljtH03/9ip9YdQZqEOwfabUD4TudBl8mwGvGWRs4vBCvbSr2Xc5cSqInxrdR9trB+g7kX/WT9I/1k7qOAXWyv7ngLfC+QFO8iDW5LJ8xG4jtSIYYMLvdS/dh2qnbpLfTFXl5fAluxBFv1qHm2cbKhr43/EwK9486Ftnfyswn45MXup2UROZQMcDOzlY0DzEeRVBpQseJED//ObQ3jWi8bkc81fRJXs3TRxdY9p2hj2L6yVZqU3q0P94y/eT/yVF8W95F2XU/irWagu7wSaRB5KJWusleXjSQXHbiSskt5H1LUsWqOZxtUPMn0Qn6sRP6Ilz5tQEVi+KbPfZUcBWtr5CGBijl3eyPP8Q+2zo2u0dJU8K3q3R7tW/ho+xNrliR9hyItd1nCPaYPJx7NwXyYVyLI4gVa+J8U9t1f2qpG3L/1M6dez6Z08E6+Z1fVvYl+OfdbyQiDPwCg59TV3fnsor3Z59ZlUXmGk4C3GurZ5wH9/M3Qflk1mIw0cKvPVPLD7oucEweoij9WwBfgN6F8xiij5Ydx+QdXTzYvG4d+CJnzujn7Lo9XVcYNiJdddzhWha2b+Z+cQ5itZ0CHfsqYFLoWnNrH1slpiLFibkl7NxiMiep93GdYDD5J/r5fy0vXZP9V8depenHUpE8Ia/AOuFl6+Xtq2pEhyLKdxlD2X8rnLXoxNIorLez6zzto5PNoNd4a9mspQ8y2oLh/z5/qXziHrVr/ebBjYcylAzm6ysIWzsFOLWPPHvvve4b0Vi/77kF5AAsms5VcrsrmneEx7mU2bK/t6XvlBqRSv32xe67dOdbWxWemsdcJRwI60BaGltnP/8d/dxHjYtZ5l3cgr7WfRvlNiOiVNtdKnQuGp9LGW3l4d0m1W2lbdzbu9e7kVDf0C/89W9tFpZdoW+yK5apsZeVTaLDxmusqPvqGjGxVEd1GilZD+yfQhIX9dqM/XI6wsTnm7NU1xpcMz/ru6f909+9drxHDiJl+Zds3+RdEdTT4QFZKIjK7ulehWPnam80T+S1L+S4r5IRaDAIWisWge/fUhvT7feBNYCBauTyfpbdBpp67X5qXyiaU50zBtiZ9p8WCqeQcHhWx/cjOnIvklRTbGlot6VsT49I8/qMuc5WpiWJ6Bj7nihgQfDBMJCvT8MlzX1f+D0+doljVVEnViKr4Nn9008UL0pfjdHfuS+J2auP3RFRiwV2hiy9RVlYMAkSQIKBj/YnbDMPsCJdfpuWEX7A6usKeR6HyS7kmif61O/1a3lcmsn6dbeb1bP3t+K3a7/FoxxwQj6zNyMdFXTLpDUY5P/fhDuuyZryJGkLSy+Qfg5MQt8Pa8umLqgXY4L9ycRn4n0/dNdkfm78LvMI8YUc/b3xxQh0LuFdYH9LTkurDpSOOR13yqpJD3XjAaXNejvSP/rk9oLTGG96lx+itrgu/VNp4j7Qlq7bPIueGXNjnQtJvjV3Sk8ckff1iXOdNV1a1EiamY4gcmfQW9PqxKPa+uF7R5hNBD866EL+/S8m+NYPlSzzn0svA/mvGo9z1AFBcnvBmF8Hs/IReDn5JqyBdMQ0vPjxag5kf6jCu0oCchHND0UdExjE/+5CO64hkvp7VpgzbL/ExI9mrnRJviPOAwgpEau+sIVxvY4EKPBP653y0bOLYmLiucO1N8bYsG3k6Sn7B2EXR/MOzJAz1qYYOjayLy8UTRcYyP/uxTutIZLqN8uVjhopHvSPEKCnU4J3u7wZw5CiSHwzURh7fzLpjUlQ0cdxNXOf0l5zZvOw1tLJjcjf5xkr3G1P+LngYOoJAfroFm0TvIwRbMTwk0wPcEjmdf9r7z1M0HK310ErbF+73tqm125RLj9Zlfnr1TgGobVfoMsAEN9jta4Mumkziec5n7WInJFdGGtiNsWbTdNHNeCl6QIueCs8Cp4GBYB6sUp5Gb/w8LqnbnJZ69CgAAAABJRU5ErkJggg==,https://encrypted-tbn0.gstatic.com/images?q=tbn:ANd9GcQ282LfKGGqExPxrBzpC1n5AB94oA_0-rQmO0psA7rmlvWZ0HT_vzSa&usqp=CAE&s,Miete dein Audio-Gästebuch bei Mailbox Memories. Hier findest du eine große Auswahl an Vintage-Grußtelefonen, passendes Zubehör. Du kannst direkt für deinen ...
2023-07-04_22-16,15,Weddyphone,https://weddyphone.de/,Audio Gästebuch Telefon für Hochzeit mieten, Wedding-Trend,data:image/png;base64,iVBORw0KGgoAAAANSUhEUgAAACAAAAAgCAYAAABzenr0AAADmUlEQVR4Ae2XA48kURRGq9pe27Y9tj1r27ZtG9EGa9s/br9JTiUvnRojmpecaV29q9RYnaex8+/hOo/oIsLN0AmjY7fEoS1CYoTIEfPFRbFTJJqg3wXZq+jmiuEi1BTnQVErdvM6TfQXq8QMsVz0aEC/t1gpZqLTT0wX87FZI4INOa/B8UYxgO9niiIyM1asFv1c9PvjfDSy+WKa8dsmMR8fgWTlAI6zhVcMFGvEALFQ9EaujkFiPQGiL/mk77j9cpyvxpaXslaJgHnzapFH7aOiq8gQF8RhnMZpLg/G1lDbEY5zfouIBDp7xDmRis0oPnJFmfBbRPOUaOfzuo6UfRfvxG2+W0JGFlPjh+KOWMFvi3hdL+6JT+IXJV3n+ED+sSi1EL4g+gofWUmIlTjJFFUo9iJjUeTLoK9xu96UsxLdVRDHtk/0Z0rWWtTEuUFIRLjJVDFPzCK1YwlqrhHojDp470d+tRiDzkyYIRZgPyyWkZFMC4FiDDtTkCJsun+uxeGWFU5jipnQB70yETXkZ1F/G/vzuVyaKBVT64SGEZ1XbGOJeDFQK2a7LKrRpHUrrBKjkjcfGSk1Ur9X7BdeLjfYojtXCz+GlrI8bGo/wWXmY3Tyc/FSZImYi9xMLmGTjTWk3kcmEs4YLqZu80UcwfGUZhjGPKS6kF7IYXTz2R/LRT4yNjrjKNkYdKI05yh8+p2ULsb5eBS7E8Ra5nws/bGU9Rx0acIgv61AdowYKdbhvCtyk2n41Vbd8Xhsi6gOihA3TbCIvooLpGuw8Fic5ACcQ32Hcqnz7IJMETcW1RGxwlRaxeIoocNXsB0PiZOMTQaZsesLgGz2EOnonOZi1dhciI8bYrEZwBgWwxQRM2o4h5FJME4rRRW1DYgZEOC7amTmoZMpZhrBxSjTZTE8ebQmopywOIxbuUt6q+mHXYztUpptiPBaHG47wnxWwMcEM5NmEBPMIFi9q92ekhir5zAruT+CAZ9Ftro34tw1iBWkMETHYpxtSK8YYzifxRIxs4VuUHRtxLl7EES9mM61Sf9SauwTM8BHryyjDNRbTpvu3D0IAhhsOOgnbJc9YBuPb/NY8VvcnTc9iPHioTggCkSwCXsgRFlOiSfNd+6eiV3MdqgJAYSR3dUq5y5GnX0/SXhdSuBjlFeITIJtu0M2eopasUAMFDNhgJjvjJ2w2/s/pRHc9IDYz7gNZ1w75vD8MIcl5Gupnc7zH91SdCEjelVQAAAAAElFTkSuQmCC,https://encrypted-tbn0.gstatic.com/images?q=tbn:ANd9GcQ282LfKGGqExPxrBzpC1n5AB94oA_0-rQmO0psA7rmlvWZ0HT_vzSa&usqp=CAE&s,
2023-07-04_22-16,16,Glammofon,https://glammofon.de/,Glammofon - Dein Audio Gästebuch,data:image/png;base64,iVBORw0KGgoAAAANSUhEUgAAACAAAAAgCAYAAABzenr0AAAGI0lEQVR4Ab3WRWMaWxgG4Gzppi5xd0/wQoZAcBkBBol76krq7t6pu7vb5rr/Ilas3nvmTNtk6k5cvyefJutLHxcOrJ0y2p3cPJAQt53asWxK1o98XD++TbNwoC+VjIhpkRPS/XFxDUFofkjwy4c3ahYPDaa6Yp3pkE9AyMdBZHkFsXP590Wc2b1SM9rTlUpG42khJCIRSUDkRfABHiJHEInviJA2j2kGEtFUjAQK+VgSOIp2WwD29uAkhJAeIIjT3xqxb7xX0x0OpsJ+X9rv8kIIsLDOd6GgxICiUhNsTEBBBIWXiBhBrPg2iO1LoppE0JliXY60u92OkNsDs8GGvMJW8qJFfrEehe9D7PpKxIZhvybiaUv52y1ph8UCn70dBq0ZOfkNyM5vQm5Bi4IomoyITSCSX4HYMBLQcA5jym3RpW1GHVxWM7RNWszNqSEvtZiXW4/svEaCaUYuyYYKIcQgUET4yxA7l8c1US+Tclv1aau2CXajFk11jZg9txxz5lWhrqYVHrudvHTA2+FG0O1Ha6sNBbQcxncjyAR9UvBD64c0nZw3FXAwaZvJALtJh4bqWsycXYyCgkoE7RbE/A5YDGbU1epQX2eAzeJAbyyCnpiImlorCkveQPDh9GAyvubMxxDyDPfHhBTvdaedDAM3Y0VzfRMJXoLiwgr0c21wWvRyJshLJeZkV78uRw7pCZOhHTqtjZRDp2TC9hIRCiP2MYS84UZ6OlMiy6V9clpdTuhaDCTllZibXYElyQ7sXRKAoakBMwho1pwygqigiHf3BEGUfCLimrSFrtfOaJwuGSEQgsnAkF9YTwOYtQbcOzCAgyt5Cpg+s0iNmFdFm/M1okBB5KkQ8ZeIyEvEKgVxbl9qyoL+XrLbk2mBFRETRLpk8gpb6C+bm1OH4XgQP59biiPjMZhamilg+iwFMfMtRN3LTKgQdGvGJiM6E2vO7Fk1JWukK749TlLDBQSaKvKN9AfIfNM5z8lvxI4Vvfj9yjiOb+iBWaejgQlClYmc3Crk5dciv6AeBUWNyC9sfgciiCgfQ4SLIsKG08PdyV1Zy4c6LwY9/kw4xIML8DCb3OSbTcgvNpAf1JJf1orDG8fw981NOLV1iHS/iQQsx8xJiLy8CngZM1gnA95tRzTgRrcQQG6+uicMeicFxCMJCMFwZtXCoYtZt6Xx6UsGkpKMiHICWD8Po9FFupgiaCY2LR/Cf/d34ezOhWgzWTGbNOabiBmzSsjHZeTzFSgurkci5MG8HLkcDbQnWlraIPdXLCySDIiZ8aULpaeX906X24AgUlOXDCQUBMu/iZBrhv8e7seFfSvIzLeTqaghiKqXiFIS/BWimCJMWj28tjbSwEpPNDaYIB+xcIgjWeYyqcWj0ovrh6aqJoEi+gnCrUbI5airZ3D92CZcPrQGdsZJu11uuDkyYq4akZ1TBtHLoKS4TtmatVrIR4z1ehFw+zLLR3qlR+d3TH3nLrh1VEHI36gguNeIgIfH0e2r4LR76SFSELUqxLx5pfC16eRJodNRXdkA+Yj5O+S17cgs7otJd46vVQd/G7H6HQgnvfsuRwiLBvpgNjpQUNyiILJrkZ1bg8a6ZkQ9VpiaG2k2KkqrwRh0cDPz0WG1ZEaTrHTtwNLXwT+KWNwfp4jIK4TBSTOh1XagJxYDWSboFcPoDoeQYH0QPA5UVTSQv7yUBrdom9Bh1sFm1GcGI27pwo5BdfCPIo6smoTgVIiCYiOKy4yorjGhsspAZr5JLgfdmtVVjWCMejhMWlh1zZneECOdWh9XB/8sRN9LRIggfOwEosQo/w9AZ5wcIjpu9XV6ku42eGwWtJv0NLi0ipWDf/nj5muE972IPIJobrLA63DRI+ZimMxQ1COd3pBQB/9yxMqpcgcHXBRBF4pBQdAVq9M6EPSGIASC8DvdmQXdgnR516g6+FcjDk9GsAgpmSAQF4RQlB4x1s9mlg11SaSJ1cG/NcKvIGg5yBGTdztdr6sXjUgPz21TB/8eiEUU4aEI+X6Qw0J3+4sbh0nwH/C4ISN6RcnjcGd8Ll9m5Vi/9PTSHnXw749YMX3pQOwKOedX7p3aMP1Lf8//qOHw/v5byIEAAAAASUVORK5CYII=,https://encrypted-tbn0.gstatic.com/images?q=tbn:ANd9GcQ282LfKGGqExPxrBzpC1n5AB94oA_0-rQmO0psA7rmlvWZ0HT_vzSa&usqp=CAE&s,
2023-07-04_22-16,17,Etsy,https://www.etsy.com/de/market/audio_guest_book,Audio guest book - Etsy.de,data:image/png;base64,iVBORw0KGgoAAAANSUhEUgAAACAAAAAgBAMAAACBVGfHAAAAMFBMVEX1ZAD80rX8yqj928T949H+8Ob////3hjj+9/L2cRb6uIv1awz+7eH4lVH5pWv2eyZ2S0AfAAAAlElEQVR4AWOgDmAUVAIDYVcFiABTWBoUQAUY2NvSJgCpSWkLYJrM0jYASe5jSAJgahlcQAwicA1dYMYDFAG+AiCBLPDtAZrAMyQBNaAAp9kFZAEQwC8AdCeKFrChFwhZy7+BgRPN6Qwv0AWOoIYHA28iQmACiNqSBeVzh6W9BlJ7zfIgfD5VWCDnQgTY0mAgnUoRCwCcQzazyclchAAAAABJRU5ErkJggg==,https://encrypted-tbn0.gstatic.com/images?q=tbn:ANd9GcSXOYqxQDDXyUTlU026fcyyVR2aEg1du_eAU99xG1hTNNWIKGtrBoo2&usqp=CAE&s,Schau dir unsere Auswahl an audio guest book an, um die tollsten einzigartigen oder spezialgefertigten handgemachten Stücke aus unseren Shops für testen ...
2023-07-04_22-16,18,eBay Kleinanzeigen,https://www.ebay-kleinanzeigen.de/s-audio-g%C3%A4stebuch/k0,Audio Gästebuch,data:image/png;base64,iVBORw0KGgoAAAANSUhEUgAAACAAAAAgBAMAAACBVGfHAAAAMFBMVEUAAAC36T2d0TZxoSBhkhez5ThYiRgfTwAZSwJAbAqGuyeo2zdJfBKAtissWgA3ZQzPWsuIAAAAAXRSTlMAQObYZgAAANBJREFUeAFjYBREAQIMgmiASAFlZ0UUgbCKjpZAZIGMWVozHJEEhCoDAyOLkASEuwIFpZqRBMK6gap6Ll9FEZDu6Oi7CBMQAwn0r/LoRVHRJihUFwhTAREQ9FiIpCIaKHDDEE2FxUJUAekfG1EFYjo+wQTAZoieOFK3EUlFS0yPoIUjkkDPiaOCcR+hAk1A+nlPoKBkIcy3goKiP44KwlUIdQYK7umYLQg0Ax5iujOO9V9Sg9kiGNYBDFPzjo5PiFBPVhSVNvMNxIgXMgUwkgMArMtY+45PCtgAAAAASUVORK5CYII=,https://encrypted-tbn0.gstatic.com/images?q=tbn:ANd9GcR4nqv1Fd9FZ_PY-axJjwEr_P068WIB3dw4YNuI260ib0iN82jc3jGg&usqp=CAE&s,Audio Gästebuch/ Gästebuch mieten/leihen. 120 €. Audio Gästebuch zum Mieten - Hochzeit, Geburtstag, Events. 3. Heilbronn. 01.05.2023.
2023-07-04_22-16,19,Huepf-Spass,https://www.huepf-spass.com/audio-guestbook-kaufen-antik-weiss,Audio-Gästebuch Hochzeit: Eindrucksvolle Erinnerungen ...,data:image/png;base64,iVBORw0KGgoAAAANSUhEUgAAABAAAAAQCAIAAACQkWg2AAACEElEQVR4AWL4TyIAMEUNyrFEUXC+5dm2jdi2bdu2nfVubNu2bdtGx6k6VvfMPV9YWJmZXR3tm2psGy2r7kuvG8hq6C+AdI3XoL6xs3q1gCS5LtA7VY1cZEsvcYE9CxIrAyFBmYZISQV2qAzPdJ0swEXmW6JBKbWDlLWks6pcQgsMEOMQLNZym6gYADKIEG7pct5ZKmE55hm1pJbBsuHJHlhIUTmLTjfLqaZUdKZjFAi4gmGitTBhsqNxd3cXcAfrm2dEkeYWVeYz/foaa85aq/MzQ2X5bZ2lxKa4xCYnxzyZvJyTu6isDIt209CqfuJsGjN/SVtnNThkobp6zcx05/dvjBH97/4k3xf1+C0f5fgnVvB5gMa35BYXUBf0sYh2FWzS+B5r/9lPX5nxVLn58S9cJHQ+G0vcdTb7724Q9cnbmcc+6JM96QXEOPaFW+wHVpQq6jaaRhpPwvhuquW7kIhMj+Q4XscFQ1pohJi9nxbmAIXbmEOMijdFfcApqEEmJFzCfXZigcCndARIbhXwsZJeqnl9PLln+wEL2EeMCnAWy7hHSeLtJC/8AGJxNmtp4PV8E3dlmCFF3TdBlXJdUElzcBzLk8DM3Ij+ycONNfUOBDbVm7WfTaRp5l2XsyK6PTr9ndSqE4SRuqlen6UG375aStvxcCGgLFDNrbXPQRog0QSJnd9/f2FFEABLrSQCAEvEMMoW0FwIAAAAAElFTkSuQmCC,https://encrypted-tbn0.gstatic.com/images?q=tbn:ANd9GcQHjoT-fwIP4Nf-RO3I6UY2qTRzJ2z1xSIW32EW-JcoyhQMw0KEkiWv&usqp=CAE&s,Audio Gästebuch kaufen · 1. Schicken Sie uns Ihre persönliche Bandansage als Sprachnachricht oder Audiodatei. · 2. Wir speichern die Ansage auf Ihrem Telefon und ...
2023-07-04_22-16,20,die-erinnerung.com,https://www.die-erinnerung.com/,Audio Gästebuch - Emotionale Erinnerungen für ...,data:image/png;base64,iVBORw0KGgoAAAANSUhEUgAAACAAAAAgCAMAAABEpIrGAAAAgVBMVEX////p9/qn3uap3ue44erR7vLR7fKAz90Ar8cArcYArcdGv9CH098AsckAqsMVuc3f3d38///DxcZqcHJHUVXq6+yCh4llbHAlNDqc2+SM1eDr6OYyP0W3urtTW14AqcQpvM9kxtbq/v+kp6m95O15enzI4+jJ7fSzrawLt8vx+vuzWfN5AAAA80lEQVR4AdXQRQKDMBBA0cHjqbcJ7nL/Axanvu/D4WOBf2GYlmX2LMt2AFzbmpkGTDyEMemnAaXTDhoWbwmIM3Edhrg3bEdkDQSspITebgc9sQX7l+BwPJ2/BI4Dvcv1cDu/B46tdE/1/+IHYfQaaMxXWPnH6IyfAiPuLySp1mnS78TZNd+h56AoCsOkSlE17r79xbm8lFVcA9Rx1e+eP/4m9ZogaDwKvU+BIVR4u4VKGF8CxiXkOUjOvgQt57SuKeftl4AmSSJlv6KvQQwfbQHXM2UAGIrpyTpQGq+IaeENg5mxcBLEE3c9hA+SBH7rOvhDd0BLFMUigqLdAAAAAElFTkSuQmCC,https://encrypted-tbn0.gstatic.com/images?q=tbn:ANd9GcSuFY_YwTVtjUMKtpiKQYKbocd-WhoYpi-2xCwprU7hY27Nlw7wBxnX&usqp=CAE&s,Ein Klick, ein Moment, eine Stimme - gebündelt in deinem Audio Gästebuch. Buche jetzt und schreibe deine ganz persönliche Hochzeitsgeschichte mit uns.
